{
  "AUC": {
    "point": 0.8139097744360902,
    "lo95": 0.7209532983027631,
    "hi95": 0.890000421020652
  }
}