{
  "AUC": {
    "point": 0.8216374269005848,
    "lo95": 0.7246377160850846,
    "hi95": 0.9019553245925582
  }
}