{
  "AUC": {
    "point": 0.8216374269005848,
    "lo95": 0.7246377160850846,
    "hi95": 0.9019553245925582
  },
  "PR_AUC": {
    "point": 0.8856977397916532,
    "lo95": 0.7971864718516702,
    "hi95": 0.9636910948563947
  }
}