{
  "forward": {
    "P50_ms": 2175.917262999974,
    "P95_ms": 2300.742168400211,
    "mean_ms": 2188.945274966742,
    "mem_peak_bytes": 2288
  },
  "gradcam": {
    "P50_ms": 332.2462109999833,
    "P95_ms": 342.98205869909,
    "mean_ms": 333.53515703335387,
    "mem_peak_bytes": 10744
  },
  "sae_encode": {
    "P50_ms": 0.3092424994974863,
    "P95_ms": 0.3629800001363035,
    "mean_ms": 0.32994869992156356
  },
  "ccr_forward": {
    "P50_ms": 0.03576299968699459,
    "P95_ms": 0.0474377496175293,
    "mean_ms": 0.041945466667433116
  }
}