{
  "0": 0.27750784158706665,
  "1": 0.3243362009525299,
  "2": 0.4476029574871063,
  "3": 0.2821078300476074,
  "4": 0.2816208302974701,
  "5": 0.2870182394981384,
  "6": 0.2182013988494873,
  "7": 0.3004753291606903,
  "8": 0.32488125562667847,
  "9": 0.3772268295288086,
  "10": 0.2609406113624573,
  "11": 0.30166393518447876,
  "12": 0.23690418899059296,
  "13": 0.4579164981842041,
  "14": 0.25370553135871887,
  "15": 0.2650052309036255,
  "16": 0.2538023293018341,
  "17": 0.24497957527637482,
  "18": 0.19220323860645294,
  "19": 0.3849961757659912,
  "20": 0.44067665934562683,
  "21": 0.3311104476451874,
  "22": 0.42552104592323303,
  "23": 0.23362155258655548,
  "24": 0.3074708878993988,
  "25": 0.48329630494117737,
  "26": 0.36099791526794434,
  "27": 0.22947262227535248,
  "28": 0.23380537331104279,
  "29": 0.3169253170490265,
  "30": 0.23689590394496918,
  "31": 0.22652743756771088,
  "32": 0.22734707593917847,
  "33": 0.3766085207462311,
  "34": 0.2715928554534912,
  "35": 0.27817484736442566,
  "36": 0.38435986638069153,
  "37": 0.26286470890045166,
  "38": 0.3422319293022156,
  "39": 0.4133841097354889,
  "40": 0.5497364401817322,
  "41": 0.28816428780555725,
  "42": 0.39051514863967896,
  "43": 0.4252399206161499,
  "44": 0.30209359526634216,
  "45": 0.201668381690979,
  "46": 0.2649993896484375,
  "47": 0.3377455472946167,
  "48": 0.1967639923095703,
  "49": 0.27499446272850037,
  "50": 0.5118750929832458,
  "51": 0.23209360241889954,
  "52": 0.34782496094703674,
  "53": 0.24078501760959625,
  "54": 0.35901400446891785,
  "55": 0.30454984307289124,
  "56": 0.3892418146133423,
  "57": 0.4867419898509979,
  "58": 0.3724038004875183,
  "59": 0.26885390281677246,
  "60": 0.308533251285553,
  "61": 0.2031409740447998,
  "62": 0.6274424195289612,
  "63": 0.3876517415046692,
  "64": 0.2185397893190384,
  "65": 0.3445539176464081,
  "66": 0.28823229670524597,
  "67": 0.2633168697357178,
  "68": 0.34487587213516235,
  "69": 0.5267338156700134,
  "70": 0.28782689571380615,
  "71": 0.2528132200241089,
  "72": 0.41484400629997253,
  "73": 0.2794060707092285,
  "74": 0.21062950789928436,
  "75": 0.31701722741127014,
  "76": 0.21294564008712769,
  "77": 0.45394840836524963,
  "78": 0.533969521522522,
  "79": 0.23967325687408447,
  "80": 0.3300069570541382,
  "81": 0.2496946007013321,
  "82": 0.20082978904247284,
  "83": 0.3920135200023651,
  "84": 0.24825774133205414,
  "85": 0.5181977152824402,
  "86": 0.36059263348579407,
  "87": 0.35144075751304626,
  "88": 0.2046205997467041,
  "89": 0.278351366519928,
  "90": 0.5960051417350769,
  "91": 0.32506051659584045,
  "92": 0.37557587027549744,
  "93": 0.21955159306526184,
  "94": 0.41463443636894226,
  "95": 0.4041132926940918,
  "96": 0.2353324145078659,
  "97": 0.2260092794895172,
  "98": 0.43128737807273865,
  "99": 0.2080824375152588,
  "100": 0.2690354585647583,
  "101": 0.43335843086242676,
  "102": 0.31450915336608887,
  "103": 0.5890815854072571,
  "104": 0.3357257843017578,
  "105": 0.31567439436912537,
  "106": 0.2963410019874573,
  "107": 0.31009888648986816,
  "108": 0.28699061274528503,
  "109": 0.30092406272888184,
  "110": 0.2523804008960724,
  "111": 0.2506572902202606,
  "112": 0.27838319540023804,
  "113": 0.2651064097881317,
  "114": 0.2711506187915802,
  "115": 0.23260296881198883,
  "116": 0.19314837455749512,
  "117": 0.24102655053138733,
  "118": 0.25200963020324707,
  "119": 0.28742343187332153,
  "120": 0.2847920358181,
  "121": 0.2802198827266693,
  "122": 0.2583755850791931,
  "123": 0.24660296738147736,
  "124": 0.30836865305900574,
  "125": 0.32243219017982483,
  "126": 0.2886531352996826,
  "127": 0.25073108077049255,
  "128": 0.4639652967453003,
  "129": 0.33176520466804504,
  "130": 0.22093187272548676,
  "131": 0.28884589672088623,
  "132": 0.5448672771453857,
  "133": 0.39664533734321594,
  "134": 0.29996904730796814,
  "135": 0.343357652425766,
  "136": 0.2864055931568146,
  "137": 0.2613823413848877,
  "138": 0.6778489947319031,
  "139": 0.28840816020965576,
  "140": 0.2898629307746887,
  "141": 0.288762629032135,
  "142": 0.29733896255493164,
  "143": 0.27252525091171265,
  "144": 0.26204270124435425,
  "145": 0.2900036871433258,
  "146": 0.41353341937065125,
  "147": 0.3792176842689514,
  "148": 0.34306636452674866,
  "149": 0.2338508665561676,
  "150": 0.2179621011018753,
  "151": 0.2580791413784027,
  "152": 0.19930554926395416,
  "153": 0.33102935552597046,
  "154": 0.37178170680999756,
  "155": 0.2553253173828125,
  "156": 0.23159196972846985,
  "157": 0.2887537479400635,
  "158": 0.3111289143562317,
  "159": 0.4675689935684204,
  "160": 0.20791685581207275,
  "161": 0.2202506810426712,
  "162": 0.4937564730644226,
  "163": 0.2880282402038574,
  "164": 0.27296826243400574,
  "165": 0.20840047299861908,
  "166": 0.25903061032295227,
  "167": 0.3263072073459625,
  "168": 0.3115529417991638,
  "169": 0.34381476044654846,
  "170": 0.40192314982414246,
  "171": 0.2908523678779602,
  "172": 0.5898833274841309,
  "173": 0.2563599646091461,
  "174": 0.3015744090080261,
  "175": 0.2744154930114746,
  "176": 0.3715769052505493,
  "177": 0.2876654863357544,
  "178": 0.3229372799396515,
  "179": 0.28763607144355774,
  "180": 0.24988673627376556,
  "181": 0.5107223987579346,
  "182": 0.26526397466659546,
  "183": 0.3547517657279968,
  "184": 0.2689621150493622,
  "185": 0.3214658200740814,
  "186": 0.2653425931930542,
  "187": 0.2286963015794754,
  "188": 0.2631293833255768,
  "189": 0.27153515815734863,
  "190": 0.4297610819339752,
  "191": 0.47863101959228516
}