{
  "R2_signed": 0.9088162919739967,
  "pearson_r_signed": 0.9536032513906947,
  "var_logit_test": 1.1870043277740479
}