{
  "0": 0.1529851257801056,
  "1": 0.16840535402297974,
  "2": 0.25249388813972473,
  "3": 0.16637133061885834,
  "4": 0.1281737983226776,
  "5": 0.12695056200027466,
  "6": 0.10350580513477325,
  "7": 0.12712423503398895,
  "8": 0.16452345252037048,
  "9": 0.22246718406677246,
  "10": 0.12879784405231476,
  "11": 0.15276604890823364,
  "12": 0.12452635169029236,
  "13": 0.20254002511501312,
  "14": 0.12522639334201813,
  "15": 0.15798380970954895,
  "16": 0.13178199529647827,
  "17": 0.13662327826023102,
  "18": 0.10226202011108398,
  "19": 0.21470943093299866,
  "20": 0.18079045414924622,
  "21": 0.16131016612052917,
  "22": 0.23185427486896515,
  "23": 0.13478171825408936,
  "24": 0.15176449716091156,
  "25": 0.20756956934928894,
  "26": 0.15967196226119995,
  "27": 0.11914929002523422,
  "28": 0.12439648061990738,
  "29": 0.192999467253685,
  "30": 0.12907801568508148,
  "31": 0.12778475880622864,
  "32": 0.11367346346378326,
  "33": 0.18589012324810028,
  "34": 0.14450134336948395,
  "35": 0.1587025374174118,
  "36": 0.16507771611213684,
  "37": 0.14828264713287354,
  "38": 0.1864728033542633,
  "39": 0.2411407083272934,
  "40": 0.27839195728302,
  "41": 0.16440150141716003,
  "42": 0.22529728710651398,
  "43": 0.2589602768421173,
  "44": 0.1684754639863968,
  "45": 0.10859081149101257,
  "46": 0.14439082145690918,
  "47": 0.16454285383224487,
  "48": 0.11351766437292099,
  "49": 0.13044632971286774,
  "50": 0.28875014185905457,
  "51": 0.14580240845680237,
  "52": 0.16499380767345428,
  "53": 0.15280607342720032,
  "54": 0.17030154168605804,
  "55": 0.17374947667121887,
  "56": 0.18963058292865753,
  "57": 0.21528983116149902,
  "58": 0.17665329575538635,
  "59": 0.14993800222873688,
  "60": 0.14042223989963531,
  "61": 0.08985096216201782,
  "62": 0.28556689620018005,
  "63": 0.1640065610408783,
  "64": 0.10646810382604599,
  "65": 0.2054072469472885,
  "66": 0.11455389112234116,
  "67": 0.1384100317955017,
  "68": 0.17022715508937836,
  "69": 0.216095969080925,
  "70": 0.15498368442058563,
  "71": 0.14261269569396973,
  "72": 0.23667404055595398,
  "73": 0.11821014434099197,
  "74": 0.09046284109354019,
  "75": 0.1707017570734024,
  "76": 0.10374285280704498,
  "77": 0.19496512413024902,
  "78": 0.19852717220783234,
  "79": 0.1167636290192604,
  "80": 0.1607726365327835,
  "81": 0.1264479160308838,
  "82": 0.11715080589056015,
  "83": 0.16585195064544678,
  "84": 0.12412885576486588,
  "85": 0.30228203535079956,
  "86": 0.18029627203941345,
  "87": 0.1531921625137329,
  "88": 0.10493385791778564,
  "89": 0.11597969383001328,
  "90": 0.22923289239406586,
  "91": 0.14377668499946594,
  "92": 0.18778809905052185,
  "93": 0.11822012066841125,
  "94": 0.2365541160106659,
  "95": 0.1994662582874298,
  "96": 0.1493457704782486,
  "97": 0.11445348709821701,
  "98": 0.15482120215892792,
  "99": 0.09337028861045837,
  "100": 0.13106872141361237,
  "101": 0.26390427350997925,
  "102": 0.13709399104118347,
  "103": 0.2303459495306015,
  "104": 0.18292762339115143,
  "105": 0.16593146324157715,
  "106": 0.1329735666513443,
  "107": 0.14511018991470337,
  "108": 0.13797630369663239,
  "109": 0.16203610599040985,
  "110": 0.1294257789850235,
  "111": 0.12532860040664673,
  "112": 0.1195620745420456,
  "113": 0.14444899559020996,
  "114": 0.13209903240203857,
  "115": 0.11630161851644516,
  "116": 0.09533588588237762,
  "117": 0.13287359476089478,
  "118": 0.12600500881671906,
  "119": 0.15292416512966156,
  "120": 0.1405702829360962,
  "121": 0.12753592431545258,
  "122": 0.13912546634674072,
  "123": 0.1343672275543213,
  "124": 0.16209132969379425,
  "125": 0.16741690039634705,
  "126": 0.13877572119235992,
  "127": 0.13340191543102264,
  "128": 0.27659478783607483,
  "129": 0.15524932742118835,
  "130": 0.12462839484214783,
  "131": 0.1758999228477478,
  "132": 0.22702808678150177,
  "133": 0.17035411298274994,
  "134": 0.12883275747299194,
  "135": 0.17167890071868896,
  "136": 0.15789029002189636,
  "137": 0.14409545063972473,
  "138": 0.29547277092933655,
  "139": 0.1331113874912262,
  "140": 0.1542220562696457,
  "141": 0.15733873844146729,
  "142": 0.1543874889612198,
  "143": 0.1257808804512024,
  "144": 0.13774050772190094,
  "145": 0.12827113270759583,
  "146": 0.19881436228752136,
  "147": 0.17259272933006287,
  "148": 0.17593148350715637,
  "149": 0.11692539602518082,
  "150": 0.11037798225879669,
  "151": 0.13234826922416687,
  "152": 0.09582000225782394,
  "153": 0.1570267528295517,
  "154": 0.17874114215373993,
  "155": 0.1456664353609085,
  "156": 0.13212622702121735,
  "157": 0.16843968629837036,
  "158": 0.16553649306297302,
  "159": 0.2667542099952698,
  "160": 0.09729451686143875,
  "161": 0.11577291041612625,
  "162": 0.2975201904773712,
  "163": 0.16247738897800446,
  "164": 0.15748170018196106,
  "165": 0.1082080826163292,
  "166": 0.14113864302635193,
  "167": 0.16524529457092285,
  "168": 0.14978519082069397,
  "169": 0.15868383646011353,
  "170": 0.16489177942276,
  "171": 0.17152877151966095,
  "172": 0.3630050718784332,
  "173": 0.154473215341568,
  "174": 0.13725502789020538,
  "175": 0.1301714926958084,
  "176": 0.1643514782190323,
  "177": 0.13830073177814484,
  "178": 0.12627682089805603,
  "179": 0.1751631647348404,
  "180": 0.13455432653427124,
  "181": 0.265182763338089,
  "182": 0.14283433556556702,
  "183": 0.17964978516101837,
  "184": 0.1517222821712494,
  "185": 0.18133966624736786,
  "186": 0.14797979593276978,
  "187": 0.10848429054021835,
  "188": 0.14843174815177917,
  "189": 0.1566549390554428,
  "190": 0.24793913960456848,
  "191": 0.20863400399684906
}