{
  "0": 0.04150666296482086,
  "1": 0.017459135502576828,
  "2": 0.005271793343126774,
  "3": 0.06653904169797897,
  "4": 0.045501526445150375,
  "5": 0.03387858346104622,
  "6": 0.017641905695199966,
  "7": 0.007258884608745575,
  "8": 0.028125256299972534,
  "9": 0.023207182064652443,
  "10": 0.03260071575641632,
  "11": 0.005084079224616289,
  "12": 0.033631425350904465,
  "13": 0.012996332719922066,
  "14": 0.026317281648516655,
  "15": 0.0021368125453591347,
  "16": 0.037936609238386154,
  "17": 0.01181587390601635,
  "18": 0.029560904949903488,
  "19": 0.011777577921748161,
  "20": 0.025254834443330765,
  "21": 0.007468240335583687,
  "22": 0.011707751080393791,
  "23": 0.04149442911148071,
  "24": 0.049571480602025986,
  "25": 0.009196331724524498,
  "26": 0.018015922978520393,
  "27": 0.013863928616046906,
  "28": 0.006770698819309473,
  "29": 0.034776318818330765,
  "30": 0.018438134342432022,
  "31": 0.011532660573720932,
  "32": 0.024814527481794357,
  "33": 0.0013538849307224154,
  "34": 0.0022623457480221987,
  "35": 0.04264858737587929,
  "36": 0.0010691600618883967,
  "37": 0.008158668875694275,
  "38": 0.05846922844648361,
  "39": 0.047720957547426224,
  "40": 0.031313151121139526,
  "41": 0.0048735919408500195,
  "42": 0.007190258242189884,
  "43": 0.03889549523591995,
  "44": 0.02747359685599804,
  "45": 0.007963877171278,
  "46": 0.05202168598771095,
  "47": 0.04927247017621994,
  "48": 0.02427215874195099,
  "49": 0.010188053362071514,
  "50": 0.021964162588119507,
  "51": 0.022989945486187935,
  "52": 0.0926610678434372,
  "53": 0.01297681499272585,
  "54": 0.004614328499883413,
  "55": 0.056677933782339096,
  "56": 0.050655629485845566,
  "57": 0.029511356726288795,
  "58": 0.019088417291641235,
  "59": 0.008743079379200935,
  "60": 0.02513710968196392,
  "61": 0.005460184533149004,
  "62": 0.04059022292494774,
  "63": 0.03062744252383709,
  "64": 0.011723265051841736,
  "65": 0.008884836919605732,
  "66": 0.004790734965354204,
  "67": 0.006586784962564707,
  "68": 0.04418732598423958,
  "69": 0.0092699583619833,
  "70": 0.0020736355800181627,
  "71": 0.007698684930801392,
  "72": 0.009180834516882896,
  "73": 0.032890576869249344,
  "74": 0.021630901843309402,
  "75": 0.004678125027567148,
  "76": 0.006360657978802919,
  "77": 0.010999972932040691,
  "78": 0.03022518754005432,
  "79": 0.02413390576839447,
  "80": 0.04658830538392067,
  "81": 0.026496391743421555,
  "82": 0.03532889485359192,
  "83": 0.0503583624958992,
  "84": 0.01509094424545765,
  "85": 0.04222773760557175,
  "86": 0.031136969104409218,
  "87": 0.01832210272550583,
  "88": 0.005551815964281559,
  "89": 0.01683831587433815,
  "90": 0.017457101494073868,
  "91": 0.01688544824719429,
  "92": 0.020142298191785812,
  "93": 0.0011551305651664734,
  "94": 0.007773995399475098,
  "95": 0.012070081196725368,
  "96": 0.018446987494826317,
  "97": 0.03558964282274246,
  "98": 0.012831843458116055,
  "99": 0.0029464929830282927,
  "100": 0.034952834248542786,
  "101": 0.041576992720365524,
  "102": 0.024717453867197037,
  "103": 0.005811267998069525,
  "104": 0.004376608412712812,
  "105": 0.0017026966670528054,
  "106": 0.007288644555956125,
  "107": 0.0048367795534431934,
  "108": 0.04002348333597183,
  "109": 0.0007732312078587711,
  "110": 0.02011815458536148,
  "111": 0.023400429636240005,
  "112": 0.0009557706071063876,
  "113": 0.017794393002986908,
  "114": 0.03791102394461632,
  "115": 0.010298333130776882,
  "116": 0.002868769923225045,
  "117": 0.011021432466804981,
  "118": 0.006616397760808468,
  "119": 0.03866618126630783,
  "120": 0.02620517648756504,
  "121": 0.012212567962706089,
  "122": 0.0197333712130785,
  "123": 0.01589190773665905,
  "124": 0.052515022456645966,
  "125": 0.05085093528032303,
  "126": 0.04553010314702988,
  "127": 0.007710310164839029,
  "128": 0.02594098635017872,
  "129": 0.004614078905433416,
  "130": 0.02156846784055233,
  "131": 0.007325300015509129,
  "132": 0.024140052497386932,
  "133": 0.04530326649546623,
  "134": 0.016525352373719215,
  "135": 0.017179902642965317,
  "136": 0.0016214757924899459,
  "137": 0.006179033312946558,
  "138": 0.060802094638347626,
  "139": 0.0033625029027462006,
  "140": 0.025045577436685562,
  "141": 0.07444903254508972,
  "142": 0.07042967528104782,
  "143": 0.028764406219124794,
  "144": 0.025383876636624336,
  "145": 0.011489623226225376,
  "146": 0.005953068379312754,
  "147": 0.0131215900182724,
  "148": 0.010984709486365318,
  "149": 0.012699978426098824,
  "150": 0.019785385578870773,
  "151": 0.015307927504181862,
  "152": 0.005057818256318569,
  "153": 0.013625629246234894,
  "154": 0.032441116869449615,
  "155": 0.018231557682156563,
  "156": 0.025279095396399498,
  "157": 0.041246429085731506,
  "158": 0.021371804177761078,
  "159": 0.004061204381287098,
  "160": 0.005286248400807381,
  "161": 0.008754213340580463,
  "162": 0.039026398211717606,
  "163": 0.004075400996953249,
  "164": 0.004847795702517033,
  "165": 0.012004289776086807,
  "166": 0.043972671031951904,
  "167": 0.0029410580173134804,
  "168": 0.010416273958981037,
  "169": 0.04149015247821808,
  "170": 0.019776297733187675,
  "171": 0.037415362894535065,
  "172": 0.028596192598342896,
  "173": 0.04993504285812378,
  "174": 0.07226722687482834,
  "175": 0.0275614932179451,
  "176": 0.00011190781515324488,
  "177": 0.04900355264544487,
  "178": 0.000829733326099813,
  "179": 0.011607886292040348,
  "180": 0.06146477907896042,
  "181": 0.010068772360682487,
  "182": 0.04401234909892082,
  "183": 0.07017818838357925,
  "184": 0.010525330901145935,
  "185": 0.04410886391997337,
  "186": 0.017162252217531204,
  "187": 0.019250771030783653,
  "188": 0.04978419095277786,
  "189": 0.024328850209712982,
  "190": 0.015866130590438843,
  "191": 0.007726078387349844
}