{
  "0": 0.07529116421937943,
  "1": 0.033625006675720215,
  "2": 0.009345442987978458,
  "3": 0.11282707005739212,
  "4": 0.09997518360614777,
  "5": 0.07659506797790527,
  "6": 0.03719106316566467,
  "7": 0.01715737208724022,
  "8": 0.05553849786520004,
  "9": 0.03935130313038826,
  "10": 0.06604816019535065,
  "11": 0.010039446875452995,
  "12": 0.06398175656795502,
  "13": 0.029383016750216484,
  "14": 0.05331810936331749,
  "15": 0.0035843406803905964,
  "16": 0.07306309789419174,
  "17": 0.021187089383602142,
  "18": 0.055560268461704254,
  "19": 0.02111840434372425,
  "20": 0.06155867129564285,
  "21": 0.015329546295106411,
  "22": 0.0214871633797884,
  "23": 0.07192366570234299,
  "24": 0.10043052583932877,
  "25": 0.021412376314401627,
  "26": 0.04073163866996765,
  "27": 0.02670092135667801,
  "28": 0.01272566057741642,
  "29": 0.0571063794195652,
  "30": 0.033839404582977295,
  "31": 0.020444268360733986,
  "32": 0.049629051238298416,
  "33": 0.0027429303154349327,
  "34": 0.0042521352879703045,
  "35": 0.07475484162569046,
  "36": 0.0024893879890441895,
  "37": 0.014463094063103199,
  "38": 0.10730826109647751,
  "39": 0.08180736005306244,
  "40": 0.06183357536792755,
  "41": 0.00854247435927391,
  "42": 0.01246310118585825,
  "43": 0.06387048959732056,
  "44": 0.04926300048828125,
  "45": 0.014790060929954052,
  "46": 0.09547511488199234,
  "47": 0.10113822668790817,
  "48": 0.042071741074323654,
  "49": 0.021477514877915382,
  "50": 0.03893646225333214,
  "51": 0.03659624606370926,
  "52": 0.19533959031105042,
  "53": 0.020448312163352966,
  "54": 0.009727497585117817,
  "55": 0.09934559464454651,
  "56": 0.10397734493017197,
  "57": 0.06672132760286331,
  "58": 0.04024045541882515,
  "59": 0.015677236020565033,
  "60": 0.05523083731532097,
  "61": 0.012344767339527607,
  "62": 0.08918415755033493,
  "63": 0.07239212840795517,
  "64": 0.024063533172011375,
  "65": 0.014903599396348,
  "66": 0.012054095044732094,
  "67": 0.012530959211289883,
  "68": 0.08952237665653229,
  "69": 0.022595543414354324,
  "70": 0.003851058892905712,
  "71": 0.013647661544382572,
  "72": 0.016092265024781227,
  "73": 0.0777413547039032,
  "74": 0.05036449432373047,
  "75": 0.00868795532733202,
  "76": 0.013056096620857716,
  "77": 0.02561187744140625,
  "78": 0.08129533380270004,
  "79": 0.049538008868694305,
  "80": 0.09562864899635315,
  "81": 0.05232197791337967,
  "82": 0.060563843697309494,
  "83": 0.11902885884046555,
  "84": 0.030181899666786194,
  "85": 0.07239039987325668,
  "86": 0.06227393075823784,
  "87": 0.04203305020928383,
  "88": 0.010826039128005505,
  "89": 0.04041194170713425,
  "90": 0.04538844898343086,
  "91": 0.0381757952272892,
  "92": 0.040284592658281326,
  "93": 0.002145259641110897,
  "94": 0.013626325875520706,
  "95": 0.024453667923808098,
  "96": 0.029067978262901306,
  "97": 0.07027828693389893,
  "98": 0.03574584051966667,
  "99": 0.006566453725099564,
  "100": 0.07174529880285263,
  "101": 0.06827380508184433,
  "102": 0.056704744696617126,
  "103": 0.01486159861087799,
  "104": 0.008032357320189476,
  "105": 0.0032392670400440693,
  "106": 0.016243260353803635,
  "107": 0.01033613458275795,
  "108": 0.08324885368347168,
  "109": 0.001436000457033515,
  "110": 0.039230380207300186,
  "111": 0.046800870448350906,
  "112": 0.002225387841463089,
  "113": 0.032657936215400696,
  "114": 0.07781738042831421,
  "115": 0.020596669986844063,
  "116": 0.005812056828290224,
  "117": 0.019992345944046974,
  "118": 0.013232824392616749,
  "119": 0.07267379015684128,
  "120": 0.05309102311730385,
  "121": 0.026833252981305122,
  "122": 0.03664768487215042,
  "123": 0.029166333377361298,
  "124": 0.09990665316581726,
  "125": 0.09793512523174286,
  "126": 0.09470261633396149,
  "127": 0.014491664245724678,
  "128": 0.04351392015814781,
  "129": 0.009860207326710224,
  "130": 0.03823501244187355,
  "131": 0.0120288897305727,
  "132": 0.05793613940477371,
  "133": 0.10548222064971924,
  "134": 0.03847692906856537,
  "135": 0.03435979411005974,
  "136": 0.0029412538278847933,
  "137": 0.01120847463607788,
  "138": 0.1394871473312378,
  "139": 0.007285440806299448,
  "140": 0.04707363247871399,
  "141": 0.13663586974143982,
  "142": 0.13564234972000122,
  "143": 0.062322888523340225,
  "144": 0.04829128459095955,
  "145": 0.02597655914723873,
  "146": 0.012382395565509796,
  "147": 0.028830524533987045,
  "148": 0.021420178934931755,
  "149": 0.02539994567632675,
  "150": 0.03906988352537155,
  "151": 0.029850468039512634,
  "152": 0.010520277544856071,
  "153": 0.028724271804094315,
  "154": 0.06747754663228989,
  "155": 0.031956449151039124,
  "156": 0.04430941119790077,
  "157": 0.07070816308259964,
  "158": 0.04016870632767677,
  "159": 0.007118504494428635,
  "160": 0.011296667158603668,
  "161": 0.016654370352625847,
  "162": 0.06476724147796631,
  "163": 0.007224580273032188,
  "164": 0.008402843959629536,
  "165": 0.02311936393380165,
  "166": 0.08070281893014908,
  "167": 0.005807666573673487,
  "168": 0.02166585810482502,
  "169": 0.0898953378200531,
  "170": 0.04820474609732628,
  "171": 0.06344345211982727,
  "172": 0.0464688278734684,
  "173": 0.08287092298269272,
  "174": 0.15878434479236603,
  "175": 0.05810260772705078,
  "176": 0.0002530206402298063,
  "177": 0.10192736983299255,
  "178": 0.002121943747624755,
  "179": 0.0190613754093647,
  "180": 0.11414891481399536,
  "181": 0.019391700625419617,
  "182": 0.081737220287323,
  "183": 0.13857969641685486,
  "184": 0.018658554181456566,
  "185": 0.07819297909736633,
  "186": 0.030773699283599854,
  "187": 0.040582701563835144,
  "188": 0.08825378865003586,
  "189": 0.04217001795768738,
  "190": 0.027501292526721954,
  "191": 0.0177245382219553
}