{
  "MSE_to_logit_positive": 894.7523193359375,
  "MSE_to_logit_signed": 0.10823545604944229
}