{
  "mse_mean": 0.0002803702062010416,
  "mse_std": 0.00019450625216897174
}