{
  "mse_mean": 0.00046547025049221703,
  "mse_std": 0.00022400770889925023
}