{
  "concept_indices": [
    52,
    174,
    180,
    3,
    183,
    46,
    126,
    124,
    24,
    173,
    38,
    166,
    97,
    23,
    182,
    82,
    108,
    16,
    18,
    114,
    73,
    35,
    5,
    12,
    56,
    133,
    100,
    169,
    68,
    119,
    157,
    185,
    74,
    143,
    14,
    81,
    138,
    39,
    156,
    111,
    120,
    144,
    154,
    102,
    150,
    187,
    130,
    6,
    44,
    140,
    51,
    101,
    189,
    43,
    85,
    162,
    158,
    155,
    113,
    96,
    170,
    87,
    151,
    165,
    149,
    92,
    132,
    1,
    135,
    128,
    153,
    53,
    117,
    172,
    49,
    184,
    168,
    179,
    190,
    13,
    76,
    61,
    59,
    7,
    19,
    28,
    71,
    118,
    152,
    22,
    25,
    65,
    137,
    69,
    131,
    66,
    72,
    11,
    94,
    99
  ],
  "deltas": [
    0.3611709773540497,
    0.338830828666687,
    0.09856253862380981,
    0.2536022663116455,
    0.1853722631931305,
    0.2676997184753418,
    0.1411440074443817,
    0.036624640226364136,
    0.11168500781059265,
    0.1867547631263733,
    0.1879008412361145,
    0.21494710445404053,
    0.15912321209907532,
    0.02124837040901184,
    0.21495431661605835,
    0.21782588958740234,
    -0.06600409746170044,
    0.2470259964466095,
    0.13471117615699768,
    0.16691380739212036,
    0.06125035881996155,
    0.19763237237930298,
    0.07333299517631531,
    0.08055248856544495,
    0.050200819969177246,
    0.11645963788032532,
    0.03719332814216614,
    0.13553765416145325,
    -0.1681305170059204,
    0.20661711692810059,
    -0.08005788922309875,
    0.020125269889831543,
    0.10670816898345947,
    0.12880375981330872,
    0.1263454556465149,
    0.019165843725204468,
    0.21604913473129272,
    0.28263235092163086,
    0.03434523940086365,
    0.08960995078086853,
    0.07797640562057495,
    0.14659833908081055,
    0.02582976222038269,
    0.0526563823223114,
    -0.07613223791122437,
    0.19222626090049744,
    0.1543695330619812,
    0.13154348731040955,
    0.1893305778503418,
    0.07222777605056763,
    0.28807446360588074,
    0.17719167470932007,
    0.11964648962020874,
    0.2309112548828125,
    0.12607350945472717,
    0.0579603910446167,
    0.17998185753822327,
    0.2364969253540039,
    -0.04054257273674011,
    0.04927927255630493,
    0.1509571075439453,
    0.137365460395813,
    0.01416829228401184,
    -0.017175376415252686,
    0.04482939839363098,
    -0.09724238514900208,
    0.12809109687805176,
    0.09250015020370483,
    -0.02267831563949585,
    -0.16232317686080933,
    -0.05355462431907654,
    0.18948420882225037,
    0.15787848830223083,
    0.12708285450935364,
    -0.03988867998123169,
    -0.031685590744018555,
    -0.0278761088848114,
    0.04228341579437256,
    0.016614913940429688,
    0.11218968033790588,
    -0.09655067324638367,
    0.023717135190963745,
    -0.03239896893501282,
    -0.06633999943733215,
    -0.10059529542922974,
    -0.055063992738723755,
    0.1117452085018158,
    0.17685148119926453,
    -0.07715338468551636,
    0.09940934181213379,
    -0.1369670331478119,
    -0.07611629366874695,
    -0.12770235538482666,
    0.07947984337806702,
    0.035621196031570435,
    0.17946434020996094,
    -0.02293717861175537,
    -0.21288719773292542,
    0.03544586896896362,
    -0.060742199420928955
  ],
  "k_sigma": 2.0,
  "num_images_used": 8,
  "note": "\u0394 medi su N immagini (se N>1). Selezione concetti: top-|v| con v>0."
}