{
  "AUC": 0.5499164578111947,
  "PR_AUC": 0.765131783780574,
  "ACC": 0.7307692307692307,
  "BACC": 0.5075187969924811,
  "ECE": 0.2074085970719655,
  "Brier": 0.2391084862808468
}