{
  "AUC": 0.5499164578111947,
  "PR_AUC": 0.765131783780574,
  "ACC": 0.7307692307692307,
  "BACC": 0.5075187969924811,
  "ECE": 0.0437507381041845,
  "Brier": 0.19607506208484005
}