{
  "AUC": 0.8216374269005848,
  "PR_AUC": 0.8856977397916532,
  "ACC": 0.8269230769230769,
  "BACC": 0.7011278195488722,
  "ECE": 0.11263804677396244,
  "Brier": 0.13753697098153056
}