{
  "AUC": 0.8216374269005848,
  "PR_AUC": 0.8856977397916532,
  "ACC": 0.8269230769230769,
  "BACC": 0.7011278195488722,
  "ECE": 0.12170850829436228,
  "Brier": 0.1384707647759736
}