{
  "AUC": 0.8139097744360902,
  "PR_AUC": 0.8986770734031349,
  "ACC": 0.8205128205128205,
  "ECE": 0.13938751558844859,
  "Brier": 0.13374203442563198
}