{
  "youden": {
    "AUC": 0.8216374269005848,
    "ACC": 0.7115384615384616,
    "BACC": 0.7575187969924813,
    "Brier": 0.13753697098153056,
    "ECE": 0.11263804677396244,
    "thr": 0.8691051602363586
  },
  "f1": {
    "AUC": 0.8216374269005848,
    "ACC": 0.8333333333333334,
    "BACC": 0.7130325814536341,
    "Brier": 0.13753697098153056,
    "ECE": 0.11263804677396244,
    "thr": 0.51
  }
}