{
  "AUC": {
    "point": 0.7974101921470343,
    "lo95": 0.7189508193441247,
    "hi95": 0.8791786067193675
  }
}