{
  "AUC": {
    "point": 0.7974101921470343,
    "lo95": 0.7189508193441247,
    "hi95": 0.8791786067193675
  },
  "PR_AUC": {
    "point": 0.8846502445961921,
    "lo95": 0.8070452075930642,
    "hi95": 0.9511643069356195
  }
}