{
  "AUC": {
    "point": 0.7901002506265664,
    "lo95": 0.7144242866094668,
    "hi95": 0.8641837931681682
  }
}