{
  "forward": {
    "P50_ms": 2681.6585064998435,
    "P95_ms": 3233.0090741001186,
    "mean_ms": 2694.1060232333257,
    "mem_peak_bytes": 2288
  },
  "gradcam": {
    "P50_ms": 413.16986400033784,
    "P95_ms": 554.7718603494104,
    "mean_ms": 431.5121431999918,
    "mem_peak_bytes": 10806
  },
  "sae_encode": {
    "P50_ms": 0.39404749986715615,
    "P95_ms": 0.8450966002783381,
    "mean_ms": 0.44989659982093144
  },
  "ccr_forward": {
    "P50_ms": 0.04328849990997696,
    "P95_ms": 0.05878089996258491,
    "mean_ms": 0.051389200234552845
  }
}