{
  "0": 0.019963504746556282,
  "1": 0.004477369133383036,
  "2": 0.04418034106492996,
  "3": 0.0048034279607236385,
  "4": 0.017808038741350174,
  "5": 0.013984371908009052,
  "6": 0.024810008704662323,
  "7": 0.0165480338037014,
  "8": 0.018429085612297058,
  "9": 0.0012953957775607705,
  "10": 0.004462819546461105,
  "11": 0.021737687289714813,
  "12": 0.0358714833855629,
  "13": 0.02638396993279457,
  "14": 0.026518845930695534,
  "15": 0.004533498082309961,
  "16": 0.012413748539984226,
  "17": 0.04255905747413635,
  "18": 0.042715489864349365,
  "19": 0.03820154070854187,
  "20": 0.015500041656196117,
  "21": 0.009589998051524162,
  "22": 0.031861450523138046,
  "23": 0.025687867775559425,
  "24": 0.03817125782370567,
  "25": 0.027005083858966827,
  "26": 0.00950585026293993,
  "27": 0.010648607276380062,
  "28": 0.03174839913845062,
  "29": 0.009333963505923748,
  "30": 0.03235766291618347,
  "31": 0.04029957205057144,
  "32": 0.04025375470519066,
  "33": 0.000848629220854491,
  "34": 0.004723375663161278,
  "35": 0.008202546276152134,
  "36": 0.010624200105667114,
  "37": 0.053678661584854126,
  "38": 0.0012139080790802836,
  "39": 0.008387593552470207,
  "40": 0.037521373480558395,
  "41": 0.007959756068885326,
  "42": 0.03627454861998558,
  "43": 0.012219397351145744,
  "44": 0.01543512288480997,
  "45": 0.009510410018265247,
  "46": 0.02428366430103779,
  "47": 0.034281179308891296,
  "48": 0.012174614705145359,
  "49": 0.05460101366043091,
  "50": 0.04290757700800896,
  "51": 0.015268371440470219,
  "52": 0.023139633238315582,
  "53": 0.05696163326501846,
  "54": 0.012379775755107403,
  "55": 0.029375525191426277,
  "56": 0.060820262879133224,
  "57": 0.029613178223371506,
  "58": 0.016850760206580162,
  "59": 0.08862477540969849,
  "60": 0.039936408400535583,
  "61": 0.034696001559495926,
  "62": 0.03590218350291252,
  "63": 0.041530802845954895,
  "64": 0.00802944228053093,
  "65": 0.03421260789036751,
  "66": 0.0232840683311224,
  "67": 0.013158895075321198,
  "68": 0.027517210692167282,
  "69": 0.014601754024624825,
  "70": 0.007347359787672758,
  "71": 0.03732413798570633,
  "72": 0.05214765667915344,
  "73": 0.03933935612440109,
  "74": 0.02905978076159954,
  "75": 0.024997366592288017,
  "76": 0.0056799640879035,
  "77": 0.049780137836933136,
  "78": 0.0076642329804599285,
  "79": 0.022218232974410057,
  "80": 0.013953357934951782,
  "81": 0.008847679011523724,
  "82": 0.02452724240720272,
  "83": 0.04677744209766388,
  "84": 0.005778885912150145,
  "85": 0.012228809297084808,
  "86": 0.005763120949268341,
  "87": 0.0005713995778933167,
  "88": 0.021636446937918663,
  "89": 0.005821751896291971,
  "90": 0.013829868286848068,
  "91": 0.0057636043056845665,
  "92": 0.04184071347117424,
  "93": 0.01254142913967371,
  "94": 0.05109596997499466,
  "95": 0.009355545043945312,
  "96": 0.04387613385915756,
  "97": 0.00664548622444272,
  "98": 0.011449689976871014,
  "99": 0.03708496689796448,
  "100": 0.0063927010633051395,
  "101": 0.05068488419055939,
  "102": 0.011125275865197182,
  "103": 0.036132797598838806,
  "104": 0.05262283608317375,
  "105": 0.008258779533207417,
  "106": 0.03181709721684456,
  "107": 0.011025581508874893,
  "108": 0.02482922002673149,
  "109": 0.02341393753886223,
  "110": 0.030145544558763504,
  "111": 0.0017292146803811193,
  "112": 0.007343301083892584,
  "113": 0.005378777626901865,
  "114": 0.02047811821103096,
  "115": 0.03854943811893463,
  "116": 0.003763217246159911,
  "117": 0.02326567843556404,
  "118": 0.025809410959482193,
  "119": 0.014169847592711449,
  "120": 0.013818496838212013,
  "121": 0.028016557916998863,
  "122": 0.017978835850954056,
  "123": 0.017812635749578476,
  "124": 0.052803799510002136,
  "125": 0.029328513890504837,
  "126": 0.0121554434299469,
  "127": 0.02026190608739853,
  "128": 0.006575878709554672,
  "129": 0.05931391566991806,
  "130": 0.05350474268198013,
  "131": 0.036419544368982315,
  "132": 0.020514221861958504,
  "133": 0.0050375438295304775,
  "134": 0.003302249126136303,
  "135": 0.03343268111348152,
  "136": 0.0019915862940251827,
  "137": 0.0031784868333488703,
  "138": 0.004389016889035702,
  "139": 0.019184835255146027,
  "140": 0.04900886490941048,
  "141": 0.0009060271549969912,
  "142": 0.022783339023590088,
  "143": 0.050009164959192276,
  "144": 0.005097481422126293,
  "145": 0.027660895138978958,
  "146": 0.04592744633555412,
  "147": 0.025753628462553024,
  "148": 0.022529851645231247,
  "149": 0.012659861706197262,
  "150": 0.015222745947539806,
  "151": 0.019934821873903275,
  "152": 0.014924377202987671,
  "153": 0.07712935656309128,
  "154": 0.05129637196660042,
  "155": 0.019541943445801735,
  "156": 0.07178166508674622,
  "157": 0.04189928621053696,
  "158": 0.012584161013364792,
  "159": 0.0010624994756653905,
  "160": 0.009762722067534924,
  "161": 0.00027123623294755816,
  "162": 0.03221627697348595,
  "163": 0.011610825546085835,
  "164": 0.013769364915788174,
  "165": 0.08320821821689606,
  "166": 0.0047051929868757725,
  "167": 0.03739393502473831,
  "168": 0.0008728581015020609,
  "169": 0.004351392854005098,
  "170": 0.0014488962478935719,
  "171": 0.03408689424395561,
  "172": 0.07156267762184143,
  "173": 0.05198961868882179,
  "174": 0.054803840816020966,
  "175": 0.036287326365709305,
  "176": 0.02452077530324459,
  "177": 0.02330918237566948,
  "178": 0.0015684248646721244,
  "179": 0.027841273695230484,
  "180": 0.02382580190896988,
  "181": 0.008615137077867985,
  "182": 0.026984896510839462,
  "183": 0.0046189152635633945,
  "184": 0.002630306873470545,
  "185": 0.005244949366897345,
  "186": 0.04278208315372467,
  "187": 0.05008571594953537,
  "188": 0.013476019725203514,
  "189": 0.03046361729502678,
  "190": 0.005355953238904476,
  "191": 0.0633993074297905
}