{
  "R2_signed": 0.9284037818465819,
  "pearson_r_signed": 0.9672122377775043,
  "var_logit_test": 0.46790915727615356
}