{
  "0": 0.3319932520389557,
  "1": 0.26640790700912476,
  "2": 0.5298187732696533,
  "3": 0.24551662802696228,
  "4": 0.2933504581451416,
  "5": 0.29666659235954285,
  "6": 0.2811491787433624,
  "7": 0.2265392690896988,
  "8": 0.20312407612800598,
  "9": 0.44275835156440735,
  "10": 0.25679653882980347,
  "11": 0.25763940811157227,
  "12": 0.37346112728118896,
  "13": 0.19505874812602997,
  "14": 0.23101791739463806,
  "15": 0.2632473409175873,
  "16": 0.2878013551235199,
  "17": 0.30596843361854553,
  "18": 0.4676951766014099,
  "19": 0.4700939953327179,
  "20": 0.29065659642219543,
  "21": 0.25930073857307434,
  "22": 0.2724827527999878,
  "23": 0.3244817852973938,
  "24": 0.20921912789344788,
  "25": 0.2560793161392212,
  "26": 0.32443562150001526,
  "27": 0.21838811039924622,
  "28": 0.25482335686683655,
  "29": 0.21101844310760498,
  "30": 0.2204115241765976,
  "31": 0.3897695243358612,
  "32": 0.2415764480829239,
  "33": 0.19361796975135803,
  "34": 0.25090378522872925,
  "35": 0.30090802907943726,
  "36": 0.21965575218200684,
  "37": 0.3633020520210266,
  "38": 0.2695547938346863,
  "39": 0.25222423672676086,
  "40": 0.3696114718914032,
  "41": 0.20333807170391083,
  "42": 0.24784477055072784,
  "43": 0.18247084319591522,
  "44": 0.22966782748699188,
  "45": 0.22572216391563416,
  "46": 0.2727932631969452,
  "47": 0.4377095401287079,
  "48": 0.3313516080379486,
  "49": 0.2719380855560303,
  "50": 0.3304288983345032,
  "51": 0.21328172087669373,
  "52": 0.3240525722503662,
  "53": 0.3028525412082672,
  "54": 0.30797404050827026,
  "55": 0.24422015249729156,
  "56": 0.8639926910400391,
  "57": 0.25025248527526855,
  "58": 0.17587363719940186,
  "59": 0.33053404092788696,
  "60": 0.28571611642837524,
  "61": 0.4609951078891754,
  "62": 0.3594305217266083,
  "63": 0.3051817715167999,
  "64": 0.6086119413375854,
  "65": 0.25743451714515686,
  "66": 0.2788940668106079,
  "67": 0.22858263552188873,
  "68": 0.26186805963516235,
  "69": 0.2075405716896057,
  "70": 0.20062151551246643,
  "71": 0.25854745507240295,
  "72": 0.2576369047164917,
  "73": 0.27653005719184875,
  "74": 0.3170582354068756,
  "75": 0.30713099241256714,
  "76": 0.34157508611679077,
  "77": 0.2934057414531708,
  "78": 0.23330073058605194,
  "79": 0.31838300824165344,
  "80": 0.22382569313049316,
  "81": 0.32283732295036316,
  "82": 0.22679151594638824,
  "83": 0.314034640789032,
  "84": 0.30468788743019104,
  "85": 0.33424633741378784,
  "86": 0.294756144285202,
  "87": 0.29084938764572144,
  "88": 0.22770839929580688,
  "89": 0.2778192162513733,
  "90": 0.32342079281806946,
  "91": 0.30907735228538513,
  "92": 0.36036479473114014,
  "93": 0.24035510420799255,
  "94": 0.5513249039649963,
  "95": 0.26856282353401184,
  "96": 0.6780861020088196,
  "97": 0.2679770886898041,
  "98": 0.22889705002307892,
  "99": 0.2657780945301056,
  "100": 0.2857479751110077,
  "101": 0.36289334297180176,
  "102": 0.36038923263549805,
  "103": 0.2665070593357086,
  "104": 0.38685792684555054,
  "105": 0.2709179222583771,
  "106": 0.5009417533874512,
  "107": 0.2235516905784607,
  "108": 0.5325472354888916,
  "109": 0.29817304015159607,
  "110": 0.18664564192295074,
  "111": 0.40349137783050537,
  "112": 0.2599465847015381,
  "113": 0.7354243397712708,
  "114": 0.3114619851112366,
  "115": 0.24808241426944733,
  "116": 0.2838113009929657,
  "117": 0.22763773798942566,
  "118": 0.24127578735351562,
  "119": 0.2824772298336029,
  "120": 0.3545015752315521,
  "121": 0.2901306450366974,
  "122": 0.8329370617866516,
  "123": 0.30887776613235474,
  "124": 0.44490301609039307,
  "125": 0.28630486130714417,
  "126": 0.24001272022724152,
  "127": 0.47353678941726685,
  "128": 0.24674488604068756,
  "129": 0.4348984658718109,
  "130": 0.27368876338005066,
  "131": 0.25573059916496277,
  "132": 0.26371344923973083,
  "133": 0.1860603392124176,
  "134": 0.23147284984588623,
  "135": 0.2658401429653168,
  "136": 0.3609960377216339,
  "137": 0.23002952337265015,
  "138": 0.34381845593452454,
  "139": 0.2649120092391968,
  "140": 0.287395715713501,
  "141": 0.2919429540634155,
  "142": 0.18824313580989838,
  "143": 0.31470927596092224,
  "144": 0.5412672162055969,
  "145": 0.23183169960975647,
  "146": 0.24226655066013336,
  "147": 0.21293003857135773,
  "148": 0.24419812858104706,
  "149": 0.2633221745491028,
  "150": 0.3086925745010376,
  "151": 0.24221929907798767,
  "152": 0.49640029668807983,
  "153": 0.27397921681404114,
  "154": 0.26373955607414246,
  "155": 0.22442536056041718,
  "156": 0.27281567454338074,
  "157": 0.2554195523262024,
  "158": 0.4314461350440979,
  "159": 0.27715474367141724,
  "160": 0.4017210602760315,
  "161": 0.2783672511577606,
  "162": 0.2672194242477417,
  "163": 0.2185615748167038,
  "164": 0.2729467451572418,
  "165": 0.38006410002708435,
  "166": 0.21341125667095184,
  "167": 0.20373035967350006,
  "168": 0.4672193229198456,
  "169": 0.2631951570510864,
  "170": 0.42996224761009216,
  "171": 0.3182176947593689,
  "172": 0.3291180431842804,
  "173": 0.2391064167022705,
  "174": 0.394570916891098,
  "175": 0.27668482065200806,
  "176": 0.2756935954093933,
  "177": 0.32282426953315735,
  "178": 0.3339787721633911,
  "179": 0.2538455128669739,
  "180": 0.24086441099643707,
  "181": 0.3369605839252472,
  "182": 0.25508588552474976,
  "183": 0.26070648431777954,
  "184": 0.22467032074928284,
  "185": 0.31828469038009644,
  "186": 0.7942634224891663,
  "187": 0.336537629365921,
  "188": 0.32551339268684387,
  "189": 0.48823752999305725,
  "190": 0.288391649723053,
  "191": 0.35692256689071655
}