{
  "0": 0.01126146037131548,
  "1": 0.002353494055569172,
  "2": 0.02039092779159546,
  "3": 0.002278546104207635,
  "4": 0.010159717872738838,
  "5": 0.00842647347599268,
  "6": 0.013041162863373756,
  "7": 0.009334792383015156,
  "8": 0.009332680143415928,
  "9": 0.0005812702584080398,
  "10": 0.00228862464427948,
  "11": 0.012540976516902447,
  "12": 0.02092503197491169,
  "13": 0.014206752181053162,
  "14": 0.015299334190785885,
  "15": 0.0023829955607652664,
  "16": 0.005570271983742714,
  "17": 0.0182785727083683,
  "18": 0.020262479782104492,
  "19": 0.020814942196011543,
  "20": 0.009339760057628155,
  "21": 0.005040895193815231,
  "22": 0.01797313056886196,
  "23": 0.014984588138759136,
  "24": 0.01810688152909279,
  "25": 0.014887415803968906,
  "26": 0.004082635510712862,
  "27": 0.005119516048580408,
  "28": 0.015467180870473385,
  "29": 0.004666981287300587,
  "30": 0.016178825870156288,
  "31": 0.0178248081356287,
  "32": 0.022707238793373108,
  "33": 0.00046239010407589376,
  "34": 0.002240573288872838,
  "35": 0.00404869532212615,
  "36": 0.004971579648554325,
  "37": 0.027527514845132828,
  "38": 0.000676980649586767,
  "39": 0.00435510603711009,
  "40": 0.01779860444366932,
  "41": 0.004388067871332169,
  "42": 0.022090259939432144,
  "43": 0.00634468998759985,
  "44": 0.008014388382434845,
  "45": 0.004328452050685883,
  "46": 0.01292015053331852,
  "47": 0.018459094688296318,
  "48": 0.007023815996944904,
  "49": 0.029050542041659355,
  "50": 0.01897834986448288,
  "51": 0.008123567327857018,
  "52": 0.010976496152579784,
  "53": 0.028845954686403275,
  "54": 0.0066660367883741856,
  "55": 0.016005894169211388,
  "56": 0.03274937719106674,
  "57": 0.014996415935456753,
  "58": 0.010153663344681263,
  "59": 0.038063205778598785,
  "60": 0.018432198092341423,
  "61": 0.014011844992637634,
  "62": 0.01841137185692787,
  "63": 0.020499177277088165,
  "64": 0.0043235351331532,
  "65": 0.021053913980722427,
  "66": 0.013283856213092804,
  "67": 0.005567222833633423,
  "68": 0.014816944487392902,
  "69": 0.008611290715634823,
  "70": 0.003862075274810195,
  "71": 0.016748009249567986,
  "72": 0.027745218947529793,
  "73": 0.016895752400159836,
  "74": 0.013784772716462612,
  "75": 0.012178202159702778,
  "76": 0.0029128114692866802,
  "77": 0.026166481897234917,
  "78": 0.004077758640050888,
  "79": 0.010824277065694332,
  "80": 0.007871129550039768,
  "81": 0.004707422573119402,
  "82": 0.013993101194500923,
  "83": 0.023988425731658936,
  "84": 0.0028523956425487995,
  "85": 0.005722451955080032,
  "86": 0.0027707333210855722,
  "87": 0.0002893576165661216,
  "88": 0.012759948149323463,
  "89": 0.0035826193634420633,
  "90": 0.007535501848906279,
  "91": 0.0031034802086651325,
  "92": 0.01770184002816677,
  "93": 0.007396228611469269,
  "94": 0.0278407484292984,
  "95": 0.004617802333086729,
  "96": 0.02278183586895466,
  "97": 0.0033653501886874437,
  "98": 0.005724844057112932,
  "99": 0.019017931073904037,
  "100": 0.003483204171061516,
  "101": 0.023393016308546066,
  "102": 0.0046355281956493855,
  "103": 0.020150981843471527,
  "104": 0.022938160225749016,
  "105": 0.004394098185002804,
  "106": 0.014072947204113007,
  "107": 0.005724811460822821,
  "108": 0.011141317896544933,
  "109": 0.01050625555217266,
  "110": 0.018357859924435616,
  "111": 0.0007537565543316305,
  "112": 0.003907009027898312,
  "113": 0.0024825106374919415,
  "114": 0.011157955043017864,
  "115": 0.01680360734462738,
  "116": 0.0017609939677640796,
  "117": 0.011781972832977772,
  "118": 0.01356648188084364,
  "119": 0.006176593713462353,
  "120": 0.006023447494953871,
  "121": 0.014367470517754555,
  "122": 0.00921991840004921,
  "123": 0.009134691208600998,
  "124": 0.021663090214133263,
  "125": 0.01447625458240509,
  "126": 0.0058439658023417,
  "127": 0.009611409157514572,
  "128": 0.003414399456232786,
  "129": 0.0334591343998909,
  "130": 0.029839185997843742,
  "131": 0.019377069547772408,
  "132": 0.009073593653738499,
  "133": 0.002615649253129959,
  "134": 0.0015876138349995017,
  "135": 0.01864515244960785,
  "136": 0.0009319515665993094,
  "137": 0.0017929869936779141,
  "138": 0.0026165286544710398,
  "139": 0.010945194400846958,
  "140": 0.022305317223072052,
  "141": 0.0004472063446883112,
  "142": 0.012998182326555252,
  "143": 0.02885144203901291,
  "144": 0.0027774812187999487,
  "145": 0.014185073785483837,
  "146": 0.021197285503149033,
  "147": 0.015188038349151611,
  "148": 0.012709138914942741,
  "149": 0.005680710077285767,
  "150": 0.008392021991312504,
  "151": 0.01022297888994217,
  "152": 0.007175184320658445,
  "153": 0.04103677719831467,
  "154": 0.027621131390333176,
  "155": 0.011274199932813644,
  "156": 0.04187262803316116,
  "157": 0.023098325356841087,
  "158": 0.006695418618619442,
  "159": 0.0004495200701057911,
  "160": 0.0043807197362184525,
  "161": 0.00012692522432189435,
  "162": 0.01817329041659832,
  "163": 0.006028702016919851,
  "164": 0.008208658546209335,
  "165": 0.040537331253290176,
  "166": 0.0028653356712311506,
  "167": 0.0194160807877779,
  "168": 0.00039168118382804096,
  "169": 0.0020362313371151686,
  "170": 0.0006687191780656576,
  "171": 0.02053953893482685,
  "172": 0.03807501122355461,
  "173": 0.030993804335594177,
  "174": 0.023537546396255493,
  "175": 0.020702382549643517,
  "176": 0.011946022510528564,
  "177": 0.011804012581706047,
  "178": 0.0007138408254832029,
  "179": 0.014456050470471382,
  "180": 0.014356576837599277,
  "181": 0.004252342507243156,
  "182": 0.013492448255419731,
  "183": 0.0021614169236272573,
  "184": 0.0013320193393155932,
  "185": 0.002387121319770813,
  "186": 0.02358500100672245,
  "187": 0.029216665774583817,
  "188": 0.0063060880638659,
  "189": 0.014841248281300068,
  "190": 0.0028153071179986,
  "191": 0.029667628929018974
}