{
  "MSE_to_logit_positive": 854.8082885742188,
  "MSE_to_logit_signed": 0.03350052610039711
}