{
  "0": 0.18727822601795197,
  "1": 0.14003482460975647,
  "2": 0.24453160166740417,
  "3": 0.11646293848752975,
  "4": 0.16736015677452087,
  "5": 0.17876045405864716,
  "6": 0.14778348803520203,
  "7": 0.1277913600206375,
  "8": 0.102864108979702,
  "9": 0.1986735463142395,
  "10": 0.13169050216674805,
  "11": 0.1486380696296692,
  "12": 0.21785235404968262,
  "13": 0.10503152757883072,
  "14": 0.13327963650226593,
  "15": 0.13837362825870514,
  "16": 0.12914161384105682,
  "17": 0.1314096599817276,
  "18": 0.2218552678823471,
  "19": 0.2561408281326294,
  "20": 0.1751391440629959,
  "21": 0.13629917800426483,
  "22": 0.15370814502239227,
  "23": 0.18928098678588867,
  "24": 0.09924498945474625,
  "25": 0.1411719024181366,
  "26": 0.13934087753295898,
  "27": 0.10499440878629684,
  "28": 0.1241447776556015,
  "29": 0.10550903528928757,
  "30": 0.11020563542842865,
  "31": 0.17239822447299957,
  "32": 0.13627378642559052,
  "33": 0.105496846139431,
  "34": 0.11901821196079254,
  "35": 0.14852499961853027,
  "36": 0.10278765112161636,
  "37": 0.1863086223602295,
  "38": 0.15032869577407837,
  "39": 0.13096268475055695,
  "40": 0.17532841861248016,
  "41": 0.11209666728973389,
  "42": 0.15093111991882324,
  "43": 0.09474428743124008,
  "44": 0.11925067752599716,
  "45": 0.1027325838804245,
  "46": 0.14513972401618958,
  "47": 0.23568955063819885,
  "48": 0.19116413593292236,
  "49": 0.1446850746870041,
  "50": 0.14615115523338318,
  "51": 0.11347677558660507,
  "52": 0.1537173092365265,
  "53": 0.15336762368679047,
  "54": 0.16583214700222015,
  "55": 0.13306856155395508,
  "56": 0.4652268886566162,
  "57": 0.12673033773899078,
  "58": 0.10597511380910873,
  "59": 0.1419600397348404,
  "60": 0.1318691372871399,
  "61": 0.18617096543312073,
  "62": 0.18432314693927765,
  "63": 0.1506344974040985,
  "64": 0.32771408557891846,
  "65": 0.15842115879058838,
  "66": 0.15911272168159485,
  "67": 0.0967080146074295,
  "68": 0.1410057544708252,
  "69": 0.1223955750465393,
  "70": 0.10545484721660614,
  "71": 0.11601493507623672,
  "72": 0.1370760053396225,
  "73": 0.11876596510410309,
  "74": 0.150399312376976,
  "75": 0.1496279239654541,
  "76": 0.17516691982746124,
  "77": 0.15422624349594116,
  "78": 0.12412799894809723,
  "79": 0.15510961413383484,
  "80": 0.1262606531381607,
  "81": 0.17176607251167297,
  "82": 0.1293872594833374,
  "83": 0.16104337573051453,
  "84": 0.15039105713367462,
  "85": 0.1564101129770279,
  "86": 0.141709566116333,
  "87": 0.14728912711143494,
  "88": 0.13428939878940582,
  "89": 0.17096549272537231,
  "90": 0.17622290551662445,
  "91": 0.16642636060714722,
  "92": 0.15246212482452393,
  "93": 0.14174790680408478,
  "94": 0.30040135979652405,
  "95": 0.1325599104166031,
  "96": 0.35208314657211304,
  "97": 0.13570636510849,
  "98": 0.11444845050573349,
  "99": 0.13629639148712158,
  "100": 0.15569588541984558,
  "101": 0.16748927533626556,
  "102": 0.15016226470470428,
  "103": 0.14862903952598572,
  "104": 0.16863024234771729,
  "105": 0.14414218068122864,
  "106": 0.22157032787799835,
  "107": 0.11607488244771957,
  "108": 0.2389635443687439,
  "109": 0.13379549980163574,
  "110": 0.11366220563650131,
  "111": 0.1758807748556137,
  "112": 0.13830499351024628,
  "113": 0.33942651748657227,
  "114": 0.16970676183700562,
  "115": 0.10813835263252258,
  "116": 0.1328091323375702,
  "117": 0.11527808755636215,
  "118": 0.1268242746591568,
  "119": 0.1231311559677124,
  "120": 0.15452620387077332,
  "121": 0.14878500998020172,
  "122": 0.4271472096443176,
  "123": 0.1583988517522812,
  "124": 0.18252438306808472,
  "125": 0.1413174718618393,
  "126": 0.11539076268672943,
  "127": 0.2246263027191162,
  "128": 0.12811745703220367,
  "129": 0.24532730877399445,
  "130": 0.1526341587305069,
  "131": 0.1360619217157364,
  "132": 0.11664241552352905,
  "133": 0.09660811722278595,
  "134": 0.11128469556570053,
  "135": 0.14825694262981415,
  "136": 0.1689273715019226,
  "137": 0.12976032495498657,
  "138": 0.2049683928489685,
  "139": 0.15113550424575806,
  "140": 0.130801722407341,
  "141": 0.14410032331943512,
  "142": 0.1073950007557869,
  "143": 0.18156296014785767,
  "144": 0.2949213683605194,
  "145": 0.11888808757066727,
  "146": 0.11181537806987762,
  "147": 0.12557420134544373,
  "148": 0.13775286078453064,
  "149": 0.11815731227397919,
  "150": 0.17017661035060883,
  "151": 0.12421488016843796,
  "152": 0.23865386843681335,
  "153": 0.1457708477973938,
  "154": 0.14201374351978302,
  "155": 0.12947618961334229,
  "156": 0.15914233028888702,
  "157": 0.1408080905675888,
  "158": 0.2295513153076172,
  "159": 0.11725787818431854,
  "160": 0.18025948107242584,
  "161": 0.1302615851163864,
  "162": 0.15073919296264648,
  "163": 0.1134839579463005,
  "164": 0.16271813213825226,
  "165": 0.18515938520431519,
  "166": 0.1299617439508438,
  "167": 0.10578302294015884,
  "168": 0.2096499353647232,
  "169": 0.12316190451383591,
  "170": 0.19844426214694977,
  "171": 0.1917465627193451,
  "172": 0.17510764300823212,
  "173": 0.14254437386989594,
  "174": 0.1694631427526474,
  "175": 0.15785211324691772,
  "176": 0.13431209325790405,
  "177": 0.16348141431808472,
  "178": 0.15200312435626984,
  "179": 0.13180436193943024,
  "180": 0.14513598382472992,
  "181": 0.1663203239440918,
  "182": 0.1275428682565689,
  "183": 0.12199722230434418,
  "184": 0.11377531290054321,
  "185": 0.1448604315519333,
  "186": 0.43786314129829407,
  "187": 0.19631358981132507,
  "188": 0.15232376754283905,
  "189": 0.23785941302776337,
  "190": 0.15159036219120026,
  "191": 0.1670214980840683
}