{
  "mse_mean": 0.0007605613478517626,
  "mse_std": 0.0004817718246158458
}