{
  "mse_mean": 0.0023102727311197667,
  "mse_std": 0.0009887462811443667
}