{
  "concept_indices": [
    153,
    59,
    156,
    172,
    165,
    173,
    49,
    72,
    130,
    167,
    53,
    24,
    191,
    77,
    140,
    32,
    157,
    110,
    143,
    83,
    187,
    42,
    37,
    30,
    73,
    131,
    101,
    99,
    129,
    63,
    13,
    65,
    175,
    142,
    147,
    162,
    55,
    57,
    22,
    179,
    82,
    118,
    25,
    68,
    117,
    125,
    62,
    180,
    12,
    58,
    94,
    88,
    148,
    74,
    8,
    6,
    46,
    176,
    11,
    66,
    19,
    75,
    23,
    47,
    132,
    109,
    139,
    7,
    52,
    56,
    69,
    79,
    44,
    43,
    96,
    114,
    106,
    0,
    4,
    67,
    123,
    186,
    20,
    163,
    93,
    150,
    107,
    27,
    90,
    16,
    188,
    120,
    48,
    21,
    78,
    102,
    158,
    26,
    112,
    35
  ],
  "deltas": [
    0.2566588521003723,
    0.16173678636550903,
    0.1022605299949646,
    0.1426548957824707,
    0.10258921980857849,
    0.1737661063671112,
    0.10308906435966492,
    0.0569797158241272,
    0.15878957509994507,
    0.1028367280960083,
    0.0036828815937042236,
    0.02428467571735382,
    0.06504476070404053,
    0.08438614010810852,
    0.05070620775222778,
    0.08607473969459534,
    0.04109826683998108,
    -0.00031509995460510254,
    0.060302734375,
    0.050998181104660034,
    0.006532639265060425,
    0.03318294882774353,
    0.050735920667648315,
    0.16244879364967346,
    0.10120785236358643,
    0.08487936854362488,
    0.1151878833770752,
    0.03688102960586548,
    0.018853992223739624,
    0.06040486693382263,
    0.0008777081966400146,
    0.14477181434631348,
    0.048145294189453125,
    0.0034640729427337646,
    -0.005622833967208862,
    -0.04321086406707764,
    0.05473986268043518,
    -0.006041631102561951,
    0.05012251436710358,
    0.09404250979423523,
    0.08941730856895447,
    -0.05443158745765686,
    -0.026351943612098694,
    -0.05359482765197754,
    0.020949020981788635,
    0.03678271174430847,
    0.08319234848022461,
    -0.013652801513671875,
    0.03682854771614075,
    0.002497762441635132,
    0.05197535455226898,
    0.06974923610687256,
    0.08067077398300171,
    -0.085887610912323,
    0.029571354389190674,
    0.09150615334510803,
    0.0972360372543335,
    0.06543412804603577,
    0.029180943965911865,
    0.1214444637298584,
    0.035883694887161255,
    0.008095413446426392,
    0.0007477402687072754,
    -0.01481744647026062,
    0.07523667812347412,
    0.07945358753204346,
    -0.06690162420272827,
    0.033810704946517944,
    -0.017302513122558594,
    0.059280961751937866,
    -0.07122281193733215,
    -0.05487307906150818,
    -0.023198604583740234,
    -0.025478065013885498,
    0.024795979261398315,
    0.04766403138637543,
    0.09380641579627991,
    -0.079072505235672,
    0.031194299459457397,
    -0.02953602373600006,
    0.020113855600357056,
    0.019714832305908203,
    -0.02478484809398651,
    -0.07581663131713867,
    -0.1256478726863861,
    0.0992186963558197,
    -0.043280065059661865,
    0.12727990746498108,
    0.05485177040100098,
    -0.041962459683418274,
    0.03338231146335602,
    -0.12277153134346008,
    0.12417593598365784,
    -0.05489663779735565,
    -0.019236639142036438,
    -0.07852792739868164,
    0.022409692406654358,
    -0.08018806576728821,
    -0.08474653959274292,
    0.020281225442886353
  ],
  "k_sigma": 2.0,
  "num_images_used": 8,
  "note": "\u0394 medi su N immagini (se N>1). Selezione concetti: top-|v| con v>0."
}