{
  "AUC": 0.6213450292397661,
  "PR_AUC": 0.7948016805167294,
  "ACC": 0.2692307692307692,
  "BACC": 0.5,
  "ECE": 0.11110530755458735,
  "Brier": 0.3397013336970062
}