{
  "youden": {
    "AUC": 0.7974101921470343,
    "ACC": 0.7435897435897436,
    "BACC": 0.7418546365914787,
    "Brier": 0.15449375303737226,
    "ECE": 0.10785885212513116,
    "thr": 0.7904379963874817
  },
  "f1": {
    "AUC": 0.7974101921470343,
    "ACC": 0.8205128205128205,
    "BACC": 0.6892230576441103,
    "Brier": 0.15449375303737226,
    "ECE": 0.10785885212513116,
    "thr": 0.59
  }
}