{
  "AUC": 0.7974101921470343,
  "PR_AUC": 0.8846502445961921,
  "ACC": 0.7948717948717948,
  "BACC": 0.6265664160401002,
  "ECE": 0.07620598987126964,
  "Brier": 0.1555083432325224
}