{
  "AUC": 0.7901002506265664,
  "PR_AUC": 0.8962334358924692,
  "ACC": 0.7948717948717948,
  "ECE": 0.10805145672594126,
  "Brier": 0.1503617145168119
}