{
  "AUC": {
    "point": 0.8101503759398496,
    "lo95": 0.7120315581854043,
    "hi95": 0.8853296485788802
  }
}