{
  "AUC": {
    "point": 0.8101503759398496,
    "lo95": 0.7120315581854043,
    "hi95": 0.8853296485788802
  },
  "PR_AUC": {
    "point": 0.8811233756808486,
    "lo95": 0.8009137642226434,
    "hi95": 0.9470079928229009
  }
}