{
  "AUC": {
    "point": 0.7933375104427736,
    "lo95": 0.7098474166943322,
    "hi95": 0.8668113136472512
  }
}