{
  "forward": {
    "P50_ms": 2200.1136819981184,
    "P95_ms": 2294.1830497995393,
    "mean_ms": 2212.5765097328745,
    "mem_peak_bytes": 2288
  },
  "gradcam": {
    "P50_ms": 333.24206299948855,
    "P95_ms": 339.61864565008,
    "mean_ms": 333.7811839999631,
    "mem_peak_bytes": 10986
  },
  "sae_encode": {
    "P50_ms": 0.31192999995255377,
    "P95_ms": 0.5453298499560331,
    "mean_ms": 0.38607113347097766
  },
  "ccr_forward": {
    "P50_ms": 0.03448699862929061,
    "P95_ms": 0.05902290104131677,
    "mean_ms": 0.040972699935082346
  }
}