{
  "0": 0.004874536767601967,
  "1": 0.06604209542274475,
  "2": 0.020474236458539963,
  "3": 0.02561287023127079,
  "4": 0.016727743670344353,
  "5": 0.018882988020777702,
  "6": 0.036304816603660583,
  "7": 0.004032438155263662,
  "8": 0.04941006004810333,
  "9": 0.03860649839043617,
  "10": 0.04088705778121948,
  "11": 0.05218381807208061,
  "12": 0.03600350022315979,
  "13": 0.024107109755277634,
  "14": 0.004717059433460236,
  "15": 0.0059301950968801975,
  "16": 0.023528913035988808,
  "17": 0.053043220192193985,
  "18": 0.033997051417827606,
  "19": 0.028971360996365547,
  "20": 0.03691660612821579,
  "21": 0.0064432695508003235,
  "22": 0.04458523541688919,
  "23": 0.011593576520681381,
  "24": 0.0021773141343146563,
  "25": 0.03373332694172859,
  "26": 0.023274168372154236,
  "27": 0.060567814856767654,
  "28": 0.029722394421696663,
  "29": 0.013175487518310547,
  "30": 0.022532688453793526,
  "31": 0.029272116720676422,
  "32": 0.0024652269203215837,
  "33": 0.014509803615510464,
  "34": 0.024829739704728127,
  "35": 0.0036645198706537485,
  "36": 0.02800559066236019,
  "37": 0.009662112221121788,
  "38": 0.06218418851494789,
  "39": 0.021110353991389275,
  "40": 0.055610138922929764,
  "41": 0.04727606475353241,
  "42": 0.04116049036383629,
  "43": 0.0017666068160906434,
  "44": 0.02224218286573887,
  "45": 0.024614006280899048,
  "46": 0.01940687745809555,
  "47": 0.04171057417988777,
  "48": 0.12312933057546616,
  "49": 0.04071848839521408,
  "50": 0.021175554022192955,
  "51": 0.016241321340203285,
  "52": 0.0055112941190600395,
  "53": 0.025180988013744354,
  "54": 0.05363203212618828,
  "55": 0.04978427663445473,
  "56": 0.007857413962483406,
  "57": 0.03625801205635071,
  "58": 0.08891956508159637,
  "59": 0.028907617554068565,
  "60": 0.04532090947031975,
  "61": 0.0307249017059803,
  "62": 0.050167184323072433,
  "63": 0.01700112782418728,
  "64": 0.015250001102685928,
  "65": 0.04040678218007088,
  "66": 0.01507843192666769,
  "67": 0.044605404138565063,
  "68": 0.040937867015600204,
  "69": 0.005367327947169542,
  "70": 0.04530506581068039,
  "71": 0.010196780785918236,
  "72": 0.03996676951646805,
  "73": 0.02562098391354084,
  "74": 0.01876155100762844,
  "75": 0.0028464640490710735,
  "76": 0.017968906089663506,
  "77": 0.0024341719690710306,
  "78": 0.016576692461967468,
  "79": 0.01728012040257454,
  "80": 0.041556376963853836,
  "81": 0.045584481209516525,
  "82": 0.02488253079354763,
  "83": 0.005998665001243353,
  "84": 0.04526839777827263,
  "85": 0.011309720575809479,
  "86": 0.013030567206442356,
  "87": 0.04212438687682152,
  "88": 0.006719628814607859,
  "89": 0.03695477545261383,
  "90": 0.02888135425746441,
  "91": 0.006041080690920353,
  "92": 0.018800638616085052,
  "93": 0.05580621585249901,
  "94": 0.009490234777331352,
  "95": 0.03677065297961235,
  "96": 0.010183346457779408,
  "97": 0.0774257704615593,
  "98": 0.05982610955834389,
  "99": 0.018042782321572304,
  "100": 0.002201206050813198,
  "101": 0.0369192399084568,
  "102": 0.030704161152243614,
  "103": 0.0002702661731746048,
  "104": 0.02771802432835102,
  "105": 0.0334230400621891,
  "106": 0.03788817673921585,
  "107": 0.0932382196187973,
  "108": 0.004157470539212227,
  "109": 0.07540584355592728,
  "110": 0.025946732610464096,
  "111": 0.024175096303224564,
  "112": 0.043278150260448456,
  "113": 0.02075459621846676,
  "114": 0.039335377514362335,
  "115": 0.014101659879088402,
  "116": 0.014555287547409534,
  "117": 0.04709813743829727,
  "118": 0.05388300120830536,
  "119": 0.07499943673610687,
  "120": 0.03033236600458622,
  "121": 0.027588581666350365,
  "122": 0.032748542726039886,
  "123": 0.08670073002576828,
  "124": 0.023376446217298508,
  "125": 0.02340739034116268,
  "126": 0.05291024222970009,
  "127": 0.054414406418800354,
  "128": 0.06246773898601532,
  "129": 0.02028704062104225,
  "130": 0.014846705831587315,
  "131": 0.013335946016013622,
  "132": 0.05325566977262497,
  "133": 0.013694648630917072,
  "134": 0.03720473870635033,
  "135": 0.046716801822185516,
  "136": 0.0330624133348465,
  "137": 0.0008324887021444738,
  "138": 0.018210338428616524,
  "139": 0.021667595952749252,
  "140": 0.0003962279006373137,
  "141": 0.0032387934625148773,
  "142": 0.0010909892152994871,
  "143": 0.0026016535703092813,
  "144": 0.02491278015077114,
  "145": 0.0028693266212940216,
  "146": 0.01076031755656004,
  "147": 0.02551870234310627,
  "148": 0.07715422660112381,
  "149": 0.0016700297128409147,
  "150": 0.022262724116444588,
  "151": 0.06696555763483047,
  "152": 0.0017786914249882102,
  "153": 0.02576528489589691,
  "154": 0.11086065322160721,
  "155": 0.018961120396852493,
  "156": 0.028455153107643127,
  "157": 0.1112348884344101,
  "158": 0.021507738158106804,
  "159": 0.018050964921712875,
  "160": 0.009514600969851017,
  "161": 0.018906593322753906,
  "162": 0.06811905652284622,
  "163": 0.028066452592611313,
  "164": 0.08479641377925873,
  "165": 0.012236116454005241,
  "166": 0.03294461965560913,
  "167": 0.03609871491789818,
  "168": 0.08231668174266815,
  "169": 0.026951342821121216,
  "170": 0.002640067134052515,
  "171": 0.02288474701344967,
  "172": 0.010064625181257725,
  "173": 0.040616102516651154,
  "174": 0.0015006458852440119,
  "175": 0.030509624630212784,
  "176": 0.057402342557907104,
  "177": 0.013988147489726543,
  "178": 0.025788439437747,
  "179": 0.055754490196704865,
  "180": 0.05338254198431969,
  "181": 0.03840724378824234,
  "182": 0.05082494765520096,
  "183": 0.09556836634874344,
  "184": 0.050015147775411606,
  "185": 0.06239096820354462,
  "186": 0.042612724006175995,
  "187": 0.0006268505821935833,
  "188": 0.017882870510220528,
  "189": 0.06069615110754967,
  "190": 0.013289900496602058,
  "191": 0.016406772658228874
}