{
  "0": 0.1484604924917221,
  "1": 0.2262403517961502,
  "2": 0.11162962019443512,
  "3": 0.12589584290981293,
  "4": 0.16767434775829315,
  "5": 0.1565060168504715,
  "6": 0.3304389417171478,
  "7": 0.15788404643535614,
  "8": 0.14751169085502625,
  "9": 0.13138854503631592,
  "10": 0.1352980136871338,
  "11": 0.1316906064748764,
  "12": 0.17662738263607025,
  "13": 0.11720455437898636,
  "14": 0.12254028767347336,
  "15": 0.13375139236450195,
  "16": 0.14547739923000336,
  "17": 0.13912779092788696,
  "18": 0.12753133475780487,
  "19": 0.18018867075443268,
  "20": 0.1825919896364212,
  "21": 0.09556014835834503,
  "22": 0.15583696961402893,
  "23": 0.29614824056625366,
  "24": 0.12064245343208313,
  "25": 0.11798957735300064,
  "26": 0.09820625931024551,
  "27": 0.11512581259012222,
  "28": 0.10571521520614624,
  "29": 0.1301329880952835,
  "30": 0.13737723231315613,
  "31": 0.0975213572382927,
  "32": 0.11065982282161713,
  "33": 0.10274077951908112,
  "34": 0.16034014523029327,
  "35": 0.1380627155303955,
  "36": 0.2223733812570572,
  "37": 0.2886427342891693,
  "38": 0.10997001081705093,
  "39": 0.13850060105323792,
  "40": 0.09945732355117798,
  "41": 0.09815622121095657,
  "42": 0.15116293728351593,
  "43": 0.12338244915008545,
  "44": 0.10665609687566757,
  "45": 0.19818581640720367,
  "46": 0.11734119802713394,
  "47": 0.15095080435276031,
  "48": 0.1899900883436203,
  "49": 0.14541125297546387,
  "50": 0.108667753636837,
  "51": 0.09529788792133331,
  "52": 0.26884451508522034,
  "53": 0.1587446928024292,
  "54": 0.11982323229312897,
  "55": 0.2416967749595642,
  "56": 0.13501916825771332,
  "57": 0.17770624160766602,
  "58": 0.15839865803718567,
  "59": 0.13929572701454163,
  "60": 0.30897337198257446,
  "61": 0.15234766900539398,
  "62": 0.1671084761619568,
  "63": 0.17427276074886322,
  "64": 0.11635947972536087,
  "65": 0.13684193789958954,
  "66": 0.2672484517097473,
  "67": 0.13169056177139282,
  "68": 0.14374804496765137,
  "69": 0.17980363965034485,
  "70": 0.11558910459280014,
  "71": 0.18838058412075043,
  "72": 0.17644493281841278,
  "73": 0.11804214864969254,
  "74": 0.19480785727500916,
  "75": 0.13698609173297882,
  "76": 0.1803775131702423,
  "77": 0.10165964066982269,
  "78": 0.1689336597919464,
  "79": 0.22699077427387238,
  "80": 0.13839389383792877,
  "81": 0.1097186878323555,
  "82": 0.27447134256362915,
  "83": 0.10130565613508224,
  "84": 0.14170148968696594,
  "85": 0.15011201798915863,
  "86": 0.20691636204719543,
  "87": 0.13653889298439026,
  "88": 0.18373161554336548,
  "89": 0.16158516705036163,
  "90": 0.1651490032672882,
  "91": 0.2182527631521225,
  "92": 0.12752066552639008,
  "93": 0.17970429360866547,
  "94": 0.216597780585289,
  "95": 0.12253839522600174,
  "96": 0.13355009257793427,
  "97": 0.12715187668800354,
  "98": 0.2715676724910736,
  "99": 0.18127049505710602,
  "100": 0.07035943865776062,
  "101": 0.11799702048301697,
  "102": 0.14513789117336273,
  "103": 0.13389021158218384,
  "104": 0.1726440042257309,
  "105": 0.3584100902080536,
  "106": 0.1276782751083374,
  "107": 0.14306320250034332,
  "108": 0.16723325848579407,
  "109": 0.14893004298210144,
  "110": 0.13297398388385773,
  "111": 0.12693889439105988,
  "112": 0.11992667615413666,
  "113": 0.16508248448371887,
  "114": 0.1082092821598053,
  "115": 0.19752313196659088,
  "116": 0.1624961942434311,
  "117": 0.16010260581970215,
  "118": 0.14383333921432495,
  "119": 0.1293414980173111,
  "120": 0.1726127415895462,
  "121": 0.11734708398580551,
  "122": 0.1289064586162567,
  "123": 0.1639396995306015,
  "124": 0.12148480862379074,
  "125": 0.1476319432258606,
  "126": 0.11789844185113907,
  "127": 0.15399077534675598,
  "128": 0.11727041751146317,
  "129": 0.08956328779459,
  "130": 0.16103427112102509,
  "131": 0.14972230792045593,
  "132": 0.2179844230413437,
  "133": 0.14938485622406006,
  "134": 0.39299657940864563,
  "135": 0.4054819643497467,
  "136": 0.1134621798992157,
  "137": 0.12815997004508972,
  "138": 0.1223566010594368,
  "139": 0.1312597244977951,
  "140": 0.10121465474367142,
  "141": 0.12586098909378052,
  "142": 0.17876188457012177,
  "143": 0.23468613624572754,
  "144": 0.19565673172473907,
  "145": 0.13405051827430725,
  "146": 0.1052033007144928,
  "147": 0.31320592761039734,
  "148": 0.14380212128162384,
  "149": 0.16648612916469574,
  "150": 0.13961130380630493,
  "151": 0.20487543940544128,
  "152": 0.14999976754188538,
  "153": 0.13457421958446503,
  "154": 0.17238849401474,
  "155": 0.27179062366485596,
  "156": 0.11866125464439392,
  "157": 0.15178431570529938,
  "158": 0.12470395863056183,
  "159": 0.09250255674123764,
  "160": 0.12440067529678345,
  "161": 0.1374722272157669,
  "162": 0.2700522840023041,
  "163": 0.07983861863613129,
  "164": 0.14495539665222168,
  "165": 0.14564648270606995,
  "166": 0.24292144179344177,
  "167": 0.13932335376739502,
  "168": 0.14470021426677704,
  "169": 0.11242377758026123,
  "170": 0.14878931641578674,
  "171": 0.13283710181713104,
  "172": 0.11533749103546143,
  "173": 0.1067107543349266,
  "174": 0.17799104750156403,
  "175": 0.16486003994941711,
  "176": 0.10245879739522934,
  "177": 0.11954879760742188,
  "178": 0.11731010675430298,
  "179": 0.15689730644226074,
  "180": 0.08778057247400284,
  "181": 0.168381929397583,
  "182": 0.10993550717830658,
  "183": 0.2635115087032318,
  "184": 0.10936706513166428,
  "185": 0.1338871866464615,
  "186": 0.14434775710105896,
  "187": 0.10567834973335266,
  "188": 0.1115250438451767,
  "189": 0.1832890808582306,
  "190": 0.12239375710487366,
  "191": 0.1313474178314209
}