{
  "R2_signed": 0.8327936613847842,
  "pearson_r_signed": 0.9161410511829619,
  "var_logit_test": 1.4330469369888306
}