{
  "0": 0.010561472736299038,
  "1": 0.13736756145954132,
  "2": 0.042586393654346466,
  "3": 0.04872690141201019,
  "4": 0.032216403633356094,
  "5": 0.03465582802891731,
  "6": 0.06585525721311569,
  "7": 0.007863247767090797,
  "8": 0.0875905454158783,
  "9": 0.06922544538974762,
  "10": 0.08177413791418076,
  "11": 0.12150264531373978,
  "12": 0.07200702279806137,
  "13": 0.04087729752063751,
  "14": 0.008086400106549263,
  "15": 0.011860375292599201,
  "16": 0.044223036617040634,
  "17": 0.10608644038438797,
  "18": 0.07915729284286499,
  "19": 0.05579671636223793,
  "20": 0.06259774416685104,
  "21": 0.013401998206973076,
  "22": 0.09527803212404251,
  "23": 0.020552245900034904,
  "24": 0.0045900302939116955,
  "25": 0.07308889925479889,
  "26": 0.05339367315173149,
  "27": 0.10383053869009018,
  "28": 0.05586380511522293,
  "29": 0.022837499156594276,
  "30": 0.03949551656842232,
  "31": 0.06008489057421684,
  "32": 0.004524406045675278,
  "33": 0.02515033259987831,
  "34": 0.05696236714720726,
  "35": 0.007057628594338894,
  "36": 0.06826362013816833,
  "37": 0.017732825130224228,
  "38": 0.13663002848625183,
  "39": 0.03579583019018173,
  "40": 0.13554972410202026,
  "41": 0.10535809397697449,
  "42": 0.07644093036651611,
  "43": 0.003937012981623411,
  "44": 0.03898629546165466,
  "45": 0.041287995874881744,
  "46": 0.03692040964961052,
  "47": 0.0722983330488205,
  "48": 0.291032999753952,
  "49": 0.08358003944158554,
  "50": 0.036704279482364655,
  "51": 0.03167058527469635,
  "52": 0.012832289561629295,
  "53": 0.05168730393052101,
  "54": 0.1086571216583252,
  "55": 0.08926835656166077,
  "56": 0.019770249724388123,
  "57": 0.06284722685813904,
  "58": 0.190019890666008,
  "59": 0.05499497801065445,
  "60": 0.08126509189605713,
  "61": 0.05917387828230858,
  "62": 0.0920715481042862,
  "63": 0.029799722135066986,
  "64": 0.029370367527008057,
  "65": 0.07782047241926193,
  "66": 0.027037188410758972,
  "67": 0.0859067365527153,
  "68": 0.06722426414489746,
  "69": 0.011469903402030468,
  "70": 0.09816098213195801,
  "71": 0.01692231185734272,
  "72": 0.07511825114488602,
  "73": 0.051907457411289215,
  "74": 0.03252003714442253,
  "75": 0.005766876973211765,
  "76": 0.03114612028002739,
  "77": 0.004746635910123587,
  "78": 0.0344795361161232,
  "79": 0.03906810283660889,
  "80": 0.09003882855176926,
  "81": 0.08268814533948898,
  "82": 0.046210408210754395,
  "83": 0.013967032544314861,
  "84": 0.07760300487279892,
  "85": 0.022913221269845963,
  "86": 0.028630541637539864,
  "87": 0.08214256167411804,
  "88": 0.016127094626426697,
  "89": 0.07117214053869247,
  "90": 0.051198769360780716,
  "91": 0.013858946971595287,
  "92": 0.042505767196416855,
  "93": 0.10616791993379593,
  "94": 0.016092123463749886,
  "95": 0.07751652598381042,
  "96": 0.01913977600634098,
  "97": 0.14729779958724976,
  "98": 0.10727439820766449,
  "99": 0.028721163049340248,
  "100": 0.005629317834973335,
  "101": 0.07479739934206009,
  "102": 0.05702200531959534,
  "103": 0.0005547694745473564,
  "104": 0.0450417585670948,
  "105": 0.07343651354312897,
  "106": 0.07121150940656662,
  "107": 0.17524293065071106,
  "108": 0.00953772384673357,
  "109": 0.14345499873161316,
  "110": 0.04936206713318825,
  "111": 0.054656751453876495,
  "112": 0.09001855552196503,
  "113": 0.039971813559532166,
  "114": 0.07767494022846222,
  "115": 0.0314265675842762,
  "116": 0.03493266925215721,
  "117": 0.08349218964576721,
  "118": 0.12361396104097366,
  "119": 0.1344817578792572,
  "120": 0.04779646173119545,
  "121": 0.051853254437446594,
  "122": 0.06010320410132408,
  "123": 0.14237171411514282,
  "124": 0.038794953376054764,
  "125": 0.044531144201755524,
  "126": 0.10582048445940018,
  "127": 0.10105530172586441,
  "128": 0.12335403263568878,
  "129": 0.038594864308834076,
  "130": 0.03129846975207329,
  "131": 0.025370841845870018,
  "132": 0.10651138424873352,
  "133": 0.023737361654639244,
  "134": 0.06521279364824295,
  "135": 0.08376805484294891,
  "136": 0.07934980094432831,
  "137": 0.0014927353477105498,
  "138": 0.035071779042482376,
  "139": 0.0422518327832222,
  "140": 0.0008705997024662793,
  "141": 0.006237681955099106,
  "142": 0.00236380728892982,
  "143": 0.00605757487937808,
  "144": 0.04366733878850937,
  "145": 0.005526102613657713,
  "146": 0.02331402897834778,
  "147": 0.04472941532731056,
  "148": 0.15235517919063568,
  "149": 0.003427951829507947,
  "150": 0.03858872130513191,
  "151": 0.12290149182081223,
  "152": 0.0031531229615211487,
  "153": 0.04567483812570572,
  "154": 0.2083646059036255,
  "155": 0.03180576115846634,
  "156": 0.05348198115825653,
  "157": 0.2253589928150177,
  "158": 0.04725645110011101,
  "159": 0.03476482629776001,
  "160": 0.020905328914523125,
  "161": 0.032059017568826675,
  "162": 0.11677554249763489,
  "163": 0.07061883062124252,
  "164": 0.16535301506519318,
  "165": 0.025116216391324997,
  "166": 0.05088476091623306,
  "167": 0.064728744328022,
  "168": 0.18086481094360352,
  "169": 0.0483265146613121,
  "170": 0.005720129236578941,
  "171": 0.040568407624959946,
  "172": 0.02242976427078247,
  "173": 0.11314486712217331,
  "174": 0.0028204726986587048,
  "175": 0.06346001476049423,
  "176": 0.11193456500768661,
  "177": 0.03306291252374649,
  "178": 0.04906090721487999,
  "179": 0.10606952756643295,
  "180": 0.13431735336780548,
  "181": 0.07218712568283081,
  "182": 0.10297003388404846,
  "183": 0.2129809409379959,
  "184": 0.104031503200531,
  "185": 0.14105786383152008,
  "186": 0.08414667099714279,
  "187": 0.0011641482124105096,
  "188": 0.038215480744838715,
  "189": 0.09468600153923035,
  "190": 0.026579810306429863,
  "191": 0.036563675850629807
}