{
  "MSE_to_logit_positive": 822.99072265625,
  "MSE_to_logit_signed": 0.23961453139781952
}