{
  "0": 0.3216647505760193,
  "1": 0.4705800414085388,
  "2": 0.23218947649002075,
  "3": 0.23950974643230438,
  "4": 0.3229283094406128,
  "5": 0.2872343063354492,
  "6": 0.5994015336036682,
  "7": 0.30787450075149536,
  "8": 0.2614980638027191,
  "9": 0.23559342324733734,
  "10": 0.27059656381607056,
  "11": 0.306623250246048,
  "12": 0.35325542092323303,
  "13": 0.19873832166194916,
  "14": 0.21006940305233002,
  "15": 0.2675030529499054,
  "16": 0.27342721819877625,
  "17": 0.27825596928596497,
  "18": 0.29693880677223206,
  "19": 0.3470301330089569,
  "20": 0.30961284041404724,
  "21": 0.198765367269516,
  "22": 0.33302149176597595,
  "23": 0.5249903798103333,
  "24": 0.2543277144432068,
  "25": 0.25564444065093994,
  "26": 0.22529716789722443,
  "27": 0.19735866785049438,
  "28": 0.19869452714920044,
  "29": 0.22556419670581818,
  "30": 0.2407962679862976,
  "31": 0.20017576217651367,
  "32": 0.20309333503246307,
  "33": 0.17808441817760468,
  "34": 0.3678390383720398,
  "35": 0.2658988833427429,
  "36": 0.5420354008674622,
  "37": 0.529744565486908,
  "38": 0.24162445962429047,
  "39": 0.23484914004802704,
  "40": 0.24242761731147766,
  "41": 0.21874868869781494,
  "42": 0.2807314991950989,
  "43": 0.274966299533844,
  "44": 0.18694794178009033,
  "45": 0.3324408233165741,
  "46": 0.22323471307754517,
  "47": 0.26164817810058594,
  "48": 0.449067622423172,
  "49": 0.2984764575958252,
  "50": 0.18835796415805817,
  "51": 0.185830757021904,
  "52": 0.6259669065475464,
  "53": 0.3258448541164398,
  "54": 0.24275913834571838,
  "55": 0.4333875775337219,
  "56": 0.339725524187088,
  "57": 0.30802446603775024,
  "58": 0.33849620819091797,
  "59": 0.2650022506713867,
  "60": 0.5540215373039246,
  "61": 0.2934103012084961,
  "62": 0.30669349431991577,
  "63": 0.30546700954437256,
  "64": 0.22410015761852264,
  "65": 0.26354795694351196,
  "66": 0.47920429706573486,
  "67": 0.25362640619277954,
  "68": 0.23604953289031982,
  "69": 0.3842381238937378,
  "70": 0.2504434585571289,
  "71": 0.3126317858695984,
  "72": 0.3316315710544586,
  "73": 0.23915107548236847,
  "74": 0.33766716718673706,
  "75": 0.27753061056137085,
  "76": 0.31265464425086975,
  "77": 0.1982363760471344,
  "78": 0.35138189792633057,
  "79": 0.5131969451904297,
  "80": 0.2998535633087158,
  "81": 0.19902491569519043,
  "82": 0.5097329020500183,
  "83": 0.23587605357170105,
  "84": 0.24291740357875824,
  "85": 0.30412325263023376,
  "86": 0.45463353395462036,
  "87": 0.26625120639801025,
  "88": 0.4409565031528473,
  "89": 0.3112013638019562,
  "90": 0.29276391863822937,
  "91": 0.5006980895996094,
  "92": 0.28830796480178833,
  "93": 0.34187623858451843,
  "94": 0.36727505922317505,
  "95": 0.25832390785217285,
  "96": 0.25100985169410706,
  "97": 0.24189871549606323,
  "98": 0.48694872856140137,
  "99": 0.2885531783103943,
  "100": 0.1799357682466507,
  "101": 0.23905885219573975,
  "102": 0.2695421576499939,
  "103": 0.27482759952545166,
  "104": 0.2805465757846832,
  "105": 0.7874929308891296,
  "106": 0.23997420072555542,
  "107": 0.2688901722431183,
  "108": 0.38365304470062256,
  "109": 0.28333067893981934,
  "110": 0.2529749870300293,
  "111": 0.2869921326637268,
  "112": 0.24944747984409332,
  "113": 0.31793689727783203,
  "114": 0.21367909014225006,
  "115": 0.4401945173740387,
  "116": 0.38999131321907043,
  "117": 0.2838180363178253,
  "118": 0.329971045255661,
  "119": 0.2319227159023285,
  "120": 0.2719959616661072,
  "121": 0.22055621445178986,
  "122": 0.23658150434494019,
  "123": 0.2692069709300995,
  "124": 0.2016131430864334,
  "125": 0.280860960483551,
  "126": 0.23579707741737366,
  "127": 0.285983145236969,
  "128": 0.23157252371311188,
  "129": 0.17038950324058533,
  "130": 0.33947789669036865,
  "131": 0.28483808040618896,
  "132": 0.43596869707107544,
  "133": 0.2589336633682251,
  "134": 0.6888480186462402,
  "135": 0.7270714640617371,
  "136": 0.27230924367904663,
  "137": 0.2298043817281723,
  "138": 0.23565040528774261,
  "139": 0.25595706701278687,
  "140": 0.22238720953464508,
  "141": 0.24239929020404816,
  "142": 0.3873177766799927,
  "143": 0.5464333891868591,
  "144": 0.34294918179512024,
  "145": 0.25817185640335083,
  "146": 0.22794058918952942,
  "147": 0.5489904880523682,
  "148": 0.28396448493003845,
  "149": 0.3417348861694336,
  "150": 0.24199309945106506,
  "151": 0.3760070204734802,
  "152": 0.2659093141555786,
  "153": 0.2385634481906891,
  "154": 0.32400745153427124,
  "155": 0.45590734481811523,
  "156": 0.223025843501091,
  "157": 0.30751118063926697,
  "158": 0.27399733662605286,
  "159": 0.178153395652771,
  "160": 0.2733313739299774,
  "161": 0.23310540616512299,
  "162": 0.4629470407962799,
  "163": 0.20088423788547516,
  "164": 0.2826637327671051,
  "165": 0.2989588677883148,
  "166": 0.37520575523376465,
  "167": 0.24982130527496338,
  "168": 0.31793317198753357,
  "169": 0.20158803462982178,
  "170": 0.3223773241043091,
  "171": 0.2354842573404312,
  "172": 0.2570382356643677,
  "173": 0.29726627469062805,
  "174": 0.3345375657081604,
  "175": 0.3429088294506073,
  "176": 0.19979484379291534,
  "177": 0.28256991505622864,
  "178": 0.2231755554676056,
  "179": 0.2984878420829773,
  "180": 0.22086761891841888,
  "181": 0.3164771795272827,
  "182": 0.2227260321378708,
  "183": 0.5872542262077332,
  "184": 0.22748436033725739,
  "185": 0.3027021884918213,
  "186": 0.2850410044193268,
  "187": 0.19625966250896454,
  "188": 0.23832809925079346,
  "189": 0.28593116998672485,
  "190": 0.24478718638420105,
  "191": 0.2927171289920807
}