{
  "mse_mean": 8.584764200350036e-05,
  "mse_std": 2.7032444522385306e-05
}