{
  "mse_mean": 0.00024329834996024148,
  "mse_std": 0.00011841950659818372
}