{
  "concept_indices": [
    157,
    107,
    154,
    97,
    180,
    164,
    119,
    168,
    38,
    176,
    58,
    40,
    148,
    128,
    109,
    185,
    182,
    126,
    81,
    173,
    17,
    179,
    127,
    163,
    67,
    189,
    151,
    84,
    93,
    31,
    95,
    80,
    62,
    186,
    136,
    22,
    25,
    28,
    47,
    167,
    162,
    132,
    156,
    169,
    89,
    181,
    98,
    102,
    59,
    55,
    13,
    3,
    12,
    110,
    159,
    153,
    175,
    120,
    51,
    16,
    188,
    53,
    125,
    34,
    39,
    33,
    161,
    166,
    64,
    113,
    45,
    5,
    177,
    135,
    6,
    146,
    29,
    4,
    76,
    78,
    63,
    74,
    134,
    133,
    172,
    147,
    160,
    96,
    85,
    115,
    155,
    21,
    71,
    15,
    23,
    100,
    91,
    35,
    141,
    7
  ],
  "deltas": [
    0.6834575831890106,
    0.20479509234428406,
    0.7479693591594696,
    0.37280312180519104,
    0.22609370946884155,
    0.6764229238033295,
    0.3219475746154785,
    0.12749910354614258,
    0.021566957235336304,
    0.2760215401649475,
    0.591179609298706,
    -0.11518487334251404,
    0.06319528818130493,
    0.37346911430358887,
    0.20684272050857544,
    0.4048662483692169,
    0.12871059775352478,
    0.20897313952445984,
    -0.023216813802719116,
    0.22627785801887512,
    0.22982072830200195,
    0.45923373103141785,
    0.06608700752258301,
    0.026135623455047607,
    0.05539247393608093,
    0.5773924291133881,
    0.296322762966156,
    0.41946521401405334,
    0.027236998081207275,
    0.3985941410064697,
    -0.14200472831726074,
    0.18673890829086304,
    0.1404983103275299,
    0.135611891746521,
    -0.14222151041030884,
    0.009514600038528442,
    0.2646135687828064,
    0.39735251665115356,
    0.16037973761558533,
    -0.18580207228660583,
    0.022391289472579956,
    0.16677772998809814,
    -0.1849592924118042,
    0.24618756771087646,
    -0.010423481464385986,
    0.041789889335632324,
    -0.12792393565177917,
    0.23358476161956787,
    0.13875561952590942,
    0.41393744945526123,
    -0.2404516339302063,
    0.061584919691085815,
    -0.0035201609134674072,
    -0.07619544863700867,
    0.20232194662094116,
    0.15452077984809875,
    -0.06354215741157532,
    -0.02729964256286621,
    -0.03195905685424805,
    -0.037096649408340454,
    0.167707622051239,
    -0.2034589648246765,
    0.6290974617004395,
    0.0921119749546051,
    0.021699339151382446,
    -0.3062499463558197,
    0.2208239734172821,
    0.2779691219329834,
    0.5337198674678802,
    0.02534949779510498,
    0.14554241299629211,
    0.00852307677268982,
    0.09728187322616577,
    0.2545618712902069,
    -0.41697436571121216,
    -0.2156151831150055,
    0.06066945195198059,
    0.1031048595905304,
    0.07036629319190979,
    -0.16181567311286926,
    -0.1294861137866974,
    0.1333361268043518,
    0.49922770261764526,
    0.04925680160522461,
    0.34165725111961365,
    -0.010579884052276611,
    0.18703505396842957,
    -0.20359349250793457,
    0.04814550280570984,
    0.06610888242721558,
    -0.030263841152191162,
    -0.09610682725906372,
    0.06880781054496765,
    -0.36070162057876587,
    -0.03705379366874695,
    0.0832335352897644,
    0.06484910845756531,
    -0.12001252174377441,
    -0.21795788407325745,
    -0.07310992479324341
  ],
  "k_sigma": 2.0,
  "num_images_used": 8,
  "note": "\u0394 medi su N immagini (se N>1). Selezione concetti: top-|v| con v>0."
}