{
  "AUC": 0.6256265664160401,
  "PR_AUC": 0.8291339587148773,
  "ACC": 0.391025641025641,
  "BACC": 0.5758145363408521,
  "ECE": 0.10868804806318039,
  "Brier": 0.2500892668394019
}