{
  "AUC": 0.6257309941520468,
  "PR_AUC": 0.8291662196198223,
  "ACC": 0.391025641025641,
  "BACC": 0.5758145363408521,
  "ECE": 0.09467587734644228,
  "Brier": 0.25484461898054006
}