{
  "AUC": 0.8101503759398496,
  "PR_AUC": 0.8811233756808486,
  "ACC": 0.8076923076923077,
  "BACC": 0.68796992481203,
  "ECE": 0.14706802807557276,
  "Brier": 0.1384050538990867
}