{
  "AUC": 0.7933375104427736,
  "PR_AUC": 0.9057177973209768,
  "ACC": 0.8076923076923077,
  "ECE": 0.17859295555032215,
  "Brier": 0.14039982902460268
}