{
  "youden": {
    "AUC": 0.8101503759398496,
    "ACC": 0.6858974358974359,
    "BACC": 0.7474937343358397,
    "Brier": 0.1381389130645702,
    "ECE": 0.1592756552287401,
    "thr": 0.8778637647628784
  },
  "f1": {
    "AUC": 0.8101503759398496,
    "ACC": 0.8397435897435898,
    "BACC": 0.7098997493734336,
    "Brier": 0.1381389130645702,
    "ECE": 0.1592756552287401,
    "thr": 0.45
  }
}